OrderID,CustomerID,EmployeeID,OrderDate,RequiredDate,ShippedDate,Processing Time,Freight,ShipAddress,ShipCity,ShipCountry
10248,VINET,5,04-08-1994,01-09-1994,16-08-1994,12,32.38,59 rue de l'Abbaye,Reims,France
10249,TOMSP,6,05-08-1994,16-09-1994,10-08-1994,5,11.61,Luisenstr. 48,Münster,Germany
10250,HANAR,4,08-08-1994,05-09-1994,12-08-1994,4,65.83,"Rua do Paço, 67",Rio de Janeiro,Brazil
10251,VICTE,3,08-08-1994,05-09-1994,15-08-1994,7,41.34,"2, rue du Commerce",Lyon,France
10252,SUPRD,4,09-08-1994,06-09-1994,11-08-1994,2,51.3,"Boulevard Tirou, 255",Charleroi,Belgium
10253,HANAR,3,10-08-1994,24-08-1994,16-08-1994,6,58.17,"Rua do Paço, 67",Rio de Janeiro,Brazil
10254,CHOPS,5,11-08-1994,08-09-1994,23-08-1994,12,22.98,Hauptstr. 31,Bern,Switzerland
10255,RICSU,9,12-08-1994,09-09-1994,15-08-1994,3,148.33,Starenweg 5,Genève,Switzerland
10256,WELLI,3,15-08-1994,12-09-1994,17-08-1994,2,13.97,"Rua do Mercado, 12",Resende,Brazil
10257,HILAA,4,16-08-1994,13-09-1994,22-08-1994,6,81.91,Carrera 22 con Ave. Carlos Soublette #8-35,San Cristóbal,Venezuela
10258,ERNSH,1,17-08-1994,14-09-1994,23-08-1994,6,140.51,Kirchgasse 6,Graz,Austria
10259,CENTC,4,18-08-1994,15-09-1994,25-08-1994,7,3.25,Sierras de Granada 9993,México D.F.,Mexico
10260,OTTIK,4,19-08-1994,16-09-1994,29-08-1994,10,55.09,Mehrheimerstr. 369,Köln,Germany
10261,QUEDE,4,19-08-1994,16-09-1994,30-08-1994,11,3.05,"Rua da Panificadora, 12",Rio de Janeiro,Brazil
10262,RATTC,8,22-08-1994,19-09-1994,25-08-1994,3,48.29,2817 Milton Dr.,Albuquerque,USA
10263,ERNSH,9,23-08-1994,20-09-1994,31-08-1994,8,146.06,Kirchgasse 6,Graz,Austria
10264,FOLKO,6,24-08-1994,21-09-1994,23-09-1994,30,3.67,Åkergatan 24,Bräcke,Sweden
10265,BLONP,2,25-08-1994,22-09-1994,12-09-1994,18,55.28,"24, place Kléber",Strasbourg,France
10266,WARTH,3,26-08-1994,07-10-1994,31-08-1994,5,25.73,Torikatu 38,Oulu,Finland
10267,FRANK,4,29-08-1994,26-09-1994,06-09-1994,8,208.58,Berliner Platz 43,München,Germany
10268,GROSR,8,30-08-1994,27-09-1994,02-09-1994,3,66.29,5ª Ave. Los Palos Grandes,Caracas,Venezuela
10269,WHITC,5,31-08-1994,14-09-1994,09-09-1994,9,4.56,1029 - 12th Ave. S.,Seattle,USA
10270,WARTH,1,01-09-1994,29-09-1994,02-09-1994,1,136.54,Torikatu 38,Oulu,Finland
10271,SPLIR,6,01-09-1994,29-09-1994,30-09-1994,29,4.54,P.O. Box 555,Lander,USA
10272,RATTC,6,02-09-1994,30-09-1994,06-09-1994,4,98.03,2817 Milton Dr.,Albuquerque,USA
10273,QUICK,3,05-09-1994,03-10-1994,12-09-1994,7,76.07,Taucherstraße 10,Cunewalde,Germany
10274,VINET,6,06-09-1994,04-10-1994,16-09-1994,10,6.01,59 rue de l'Abbaye,Reims,France
10275,MAGAA,1,07-09-1994,05-10-1994,09-09-1994,2,26.93,Via Ludovico il Moro 22,Bergamo,Italy
10276,TORTU,8,08-09-1994,22-09-1994,14-09-1994,6,13.84,Avda. Azteca 123,México D.F.,Mexico
10277,MORGK,2,09-09-1994,07-10-1994,13-09-1994,4,125.77,Heerstr. 22,Leipzig,Germany
10278,BERGS,8,12-09-1994,10-10-1994,16-09-1994,4,92.69,Berguvsvägen  8,Luleå,Sweden
10279,LEHMS,8,13-09-1994,11-10-1994,16-09-1994,3,25.83,Magazinweg 7,Frankfurt a.M. ,Germany
10280,BERGS,2,14-09-1994,12-10-1994,13-10-1994,29,8.98,Berguvsvägen  8,Luleå,Sweden
10281,ROMEY,4,14-09-1994,28-09-1994,21-09-1994,7,2.94,"Gran Vía, 1",Madrid,Spain
10282,ROMEY,4,15-09-1994,13-10-1994,21-09-1994,6,12.69,"Gran Vía, 1",Madrid,Spain
10283,LILAS,3,16-09-1994,14-10-1994,23-09-1994,7,84.81,Carrera 52 con Ave. Bolívar #65-98 Llano Largo,Barquisimeto,Venezuela
10284,LEHMS,4,19-09-1994,17-10-1994,27-09-1994,8,76.56,Magazinweg 7,Frankfurt a.M. ,Germany
10285,QUICK,1,20-09-1994,18-10-1994,26-09-1994,6,76.83,Taucherstraße 10,Cunewalde,Germany
10286,QUICK,8,21-09-1994,19-10-1994,30-09-1994,9,229.24,Taucherstraße 10,Cunewalde,Germany
10287,RICAR,8,22-09-1994,20-10-1994,28-09-1994,6,12.76,"Av. Copacabana, 267",Rio de Janeiro,Brazil
10288,REGGC,4,23-09-1994,21-10-1994,04-10-1994,11,7.45,Strada Provinciale 124,Reggio Emilia,Italy
10289,BSBEV,7,26-09-1994,24-10-1994,28-09-1994,2,22.77,Fauntleroy Circus,London,UK
10290,COMMI,8,27-09-1994,25-10-1994,04-10-1994,7,79.7,"Av. dos Lusíadas, 23",São Paulo,Brazil
10291,QUEDE,6,27-09-1994,25-10-1994,05-10-1994,8,6.4,"Rua da Panificadora, 12",Rio de Janeiro,Brazil
10292,TRADH,1,28-09-1994,26-10-1994,03-10-1994,5,1.35,"Av. Inês de Castro, 414",São Paulo,Brazil
10293,TORTU,1,29-09-1994,27-10-1994,12-10-1994,13,21.18,Avda. Azteca 123,México D.F.,Mexico
10294,RATTC,4,30-09-1994,28-10-1994,06-10-1994,6,147.26,2817 Milton Dr.,Albuquerque,USA
10295,VINET,2,03-10-1994,31-10-1994,11-10-1994,8,1.15,59 rue de l'Abbaye,Reims,France
10296,LILAS,6,04-10-1994,01-11-1994,12-10-1994,8,0.12,Carrera 52 con Ave. Bolívar #65-98 Llano Largo,Barquisimeto,Venezuela
10297,BLONP,5,05-10-1994,16-11-1994,11-10-1994,6,5.74,"24, place Kléber",Strasbourg,France
10298,HUNGO,6,06-10-1994,03-11-1994,12-10-1994,6,168.22,8 Johnstown Road,Cork,Ireland
10299,RICAR,4,07-10-1994,04-11-1994,14-10-1994,7,29.76,"Av. Copacabana, 267",Rio de Janeiro,Brazil
10300,MAGAA,2,10-10-1994,07-11-1994,19-10-1994,9,17.68,Via Ludovico il Moro 22,Bergamo,Italy
10301,WANDK,8,10-10-1994,07-11-1994,18-10-1994,8,45.08,Adenauerallee 900,Stuttgart,Germany
10302,SUPRD,4,11-10-1994,08-11-1994,09-11-1994,29,6.27,"Boulevard Tirou, 255",Charleroi,Belgium
10303,GODOS,7,12-10-1994,09-11-1994,19-10-1994,7,107.83,"C/ Romero, 33",Sevilla,Spain
10304,TORTU,1,13-10-1994,10-11-1994,18-10-1994,5,63.79,Avda. Azteca 123,México D.F.,Mexico
10305,OLDWO,8,14-10-1994,11-11-1994,09-11-1994,26,257.62,2743 Bering St.,Anchorage,USA
10306,ROMEY,1,17-10-1994,14-11-1994,24-10-1994,7,7.56,"Gran Vía, 1",Madrid,Spain
10307,LONEP,2,18-10-1994,15-11-1994,26-10-1994,8,0.56,89 Chiaroscuro Rd.,Portland,USA
10308,ANATR,7,19-10-1994,16-11-1994,25-10-1994,6,1.61,Avda. de la Constitución 2222,México D.F.,Mexico
10309,HUNGO,3,20-10-1994,17-11-1994,23-11-1994,34,47.3,8 Johnstown Road,Cork,Ireland
10310,THEBI,8,21-10-1994,18-11-1994,28-10-1994,7,17.52,"89 Jefferson Way
Suite 2",Portland,USA
10311,DUMON,1,21-10-1994,04-11-1994,27-10-1994,6,24.69,"67, rue des Cinquante Otages",Nantes,France
10312,WANDK,2,24-10-1994,21-11-1994,03-11-1994,10,40.26,Adenauerallee 900,Stuttgart,Germany
10313,QUICK,2,25-10-1994,22-11-1994,04-11-1994,10,1.96,Taucherstraße 10,Cunewalde,Germany
10314,RATTC,1,26-10-1994,23-11-1994,04-11-1994,9,74.16,2817 Milton Dr.,Albuquerque,USA
10315,ISLAT,4,27-10-1994,24-11-1994,03-11-1994,7,41.76,"Garden House
Crowther Way",Cowes,UK
10316,RATTC,1,28-10-1994,25-11-1994,08-11-1994,11,150.15,2817 Milton Dr.,Albuquerque,USA
10317,LONEP,6,31-10-1994,28-11-1994,10-11-1994,10,12.69,89 Chiaroscuro Rd.,Portland,USA
10318,ISLAT,8,01-11-1994,29-11-1994,04-11-1994,3,4.73,"Garden House
Crowther Way",Cowes,UK
10319,TORTU,7,02-11-1994,30-11-1994,11-11-1994,9,64.5,Avda. Azteca 123,México D.F.,Mexico
10320,WARTH,5,03-11-1994,17-11-1994,18-11-1994,15,34.57,Torikatu 38,Oulu,Finland
10321,ISLAT,3,03-11-1994,01-12-1994,11-11-1994,8,3.43,"Garden House
Crowther Way",Cowes,UK
10322,PERIC,7,04-11-1994,02-12-1994,23-11-1994,19,0.4,Calle Dr. Jorge Cash 321,México D.F.,Mexico
10323,KOENE,4,07-11-1994,05-12-1994,14-11-1994,7,4.88,Maubelstr. 90,Brandenburg,Germany
10324,SAVEA,9,08-11-1994,06-12-1994,10-11-1994,2,214.27,187 Suffolk Ln.,Boise,USA
10325,KOENE,1,09-11-1994,23-11-1994,14-11-1994,5,64.86,Maubelstr. 90,Brandenburg,Germany
10326,BOLID,4,10-11-1994,08-12-1994,14-11-1994,4,77.92,"C/ Araquil, 67",Madrid,Spain
10327,FOLKO,2,11-11-1994,09-12-1994,14-11-1994,3,63.36,Åkergatan 24,Bräcke,Sweden
10328,FURIB,4,14-11-1994,12-12-1994,17-11-1994,3,87.03,Jardim das rosas n. 32,Lisboa,Portugal
10329,SPLIR,4,15-11-1994,27-12-1994,23-11-1994,8,191.67,P.O. Box 555,Lander,USA
10330,LILAS,3,16-11-1994,14-12-1994,28-11-1994,12,12.75,Carrera 52 con Ave. Bolívar #65-98 Llano Largo,Barquisimeto,Venezuela
10331,BONAP,9,16-11-1994,28-12-1994,21-11-1994,5,10.19,"12, rue des Bouchers",Marseille,France
10332,MEREP,3,17-11-1994,29-12-1994,21-11-1994,4,52.84,43 rue St. Laurent,Montréal,Canada
10333,WARTH,5,18-11-1994,16-12-1994,25-11-1994,7,0.59,Torikatu 38,Oulu,Finland
10334,VICTE,8,21-11-1994,19-12-1994,28-11-1994,7,8.56,"2, rue du Commerce",Lyon,France
10335,HUNGO,7,22-11-1994,20-12-1994,24-11-1994,2,42.11,8 Johnstown Road,Cork,Ireland
10336,PRINI,7,23-11-1994,21-12-1994,25-11-1994,2,15.51,Estrada da saúde n. 58,Lisboa,Portugal
10337,FRANK,4,24-11-1994,22-12-1994,29-11-1994,5,108.26,Berliner Platz 43,München,Germany
10338,OLDWO,4,25-11-1994,23-12-1994,29-11-1994,4,84.21,2743 Bering St.,Anchorage,USA
10339,MEREP,2,28-11-1994,26-12-1994,05-12-1994,7,15.66,43 rue St. Laurent,Montréal,Canada
10340,BONAP,1,29-11-1994,27-12-1994,09-12-1994,10,166.31,"12, rue des Bouchers",Marseille,France
10341,SIMOB,7,29-11-1994,27-12-1994,06-12-1994,7,26.78,Vinbæltet 34,København,Denmark
10342,FRANK,4,30-11-1994,14-12-1994,05-12-1994,5,54.83,Berliner Platz 43,München,Germany
10343,LEHMS,4,01-12-1994,29-12-1994,07-12-1994,6,110.37,Magazinweg 7,Frankfurt a.M. ,Germany
10344,WHITC,4,02-12-1994,30-12-1994,06-12-1994,4,23.29,1029 - 12th Ave. S.,Seattle,USA
10345,QUICK,2,05-12-1994,02-01-1995,12-12-1994,7,249.06,Taucherstraße 10,Cunewalde,Germany
10346,RATTC,3,06-12-1994,17-01-1995,09-12-1994,3,142.08,2817 Milton Dr.,Albuquerque,USA
10347,FAMIA,4,07-12-1994,04-01-1995,09-12-1994,2,3.1,"Rua Orós, 92",São Paulo,Brazil
10348,WANDK,4,08-12-1994,05-01-1995,16-12-1994,8,0.78,Adenauerallee 900,Stuttgart,Germany
10349,SPLIR,7,09-12-1994,06-01-1995,16-12-1994,7,8.63,P.O. Box 555,Lander,USA
10350,LAMAI,6,12-12-1994,09-01-1995,03-01-1995,22,64.19,1 rue Alsace-Lorraine,Toulouse,France
10351,ERNSH,1,12-12-1994,09-01-1995,21-12-1994,9,162.33,Kirchgasse 6,Graz,Austria
10352,FURIB,3,13-12-1994,27-12-1994,19-12-1994,6,1.3,Jardim das rosas n. 32,Lisboa,Portugal
10353,PICCO,7,14-12-1994,11-01-1995,26-12-1994,12,360.63,Geislweg 14,Salzburg,Austria
10354,PERIC,8,15-12-1994,12-01-1995,21-12-1994,6,53.8,Calle Dr. Jorge Cash 321,México D.F.,Mexico
10355,AROUT,6,16-12-1994,13-01-1995,21-12-1994,5,41.95,"Brook Farm
Stratford St. Mary",Colchester,UK
10356,WANDK,6,19-12-1994,16-01-1995,28-12-1994,9,36.71,Adenauerallee 900,Stuttgart,Germany
10357,LILAS,1,20-12-1994,17-01-1995,02-01-1995,13,34.88,Carrera 52 con Ave. Bolívar #65-98 Llano Largo,Barquisimeto,Venezuela
10358,LAMAI,5,21-12-1994,18-01-1995,28-12-1994,7,19.64,1 rue Alsace-Lorraine,Toulouse,France
10359,SEVES,5,22-12-1994,19-01-1995,27-12-1994,5,288.43,90 Wadhurst Rd.,London,UK
10360,BLONP,4,23-12-1994,20-01-1995,02-01-1995,10,131.7,"24, place Kléber",Strasbourg,France
10361,QUICK,1,23-12-1994,20-01-1995,03-01-1995,11,183.17,Taucherstraße 10,Cunewalde,Germany
10362,BONAP,3,26-12-1994,23-01-1995,29-12-1994,3,96.04,"12, rue des Bouchers",Marseille,France
10363,DRACD,4,27-12-1994,24-01-1995,04-01-1995,8,30.54,Walserweg 21,Aachen,Germany
10364,EASTC,1,27-12-1994,07-02-1995,04-01-1995,8,71.97,35 King George,London,UK
10365,ANTON,3,28-12-1994,25-01-1995,02-01-1995,5,22,Mataderos  2312,México D.F.,Mexico
10366,GALED,8,29-12-1994,09-02-1995,30-01-1995,32,10.14,"Rambla de Cataluña, 23",Barcelona,Spain
10367,VAFFE,7,29-12-1994,26-01-1995,02-01-1995,4,13.55,Smagsløget 45,Århus,Denmark
10368,ERNSH,2,30-12-1994,27-01-1995,02-01-1995,3,101.95,Kirchgasse 6,Graz,Austria
10369,SPLIR,8,02-01-1995,30-01-1995,09-01-1995,7,195.68,P.O. Box 555,Lander,USA
10370,CHOPS,6,03-01-1995,31-01-1995,27-01-1995,24,1.17,Hauptstr. 31,Bern,Switzerland
10371,LAMAI,1,03-01-1995,31-01-1995,24-01-1995,21,0.45,1 rue Alsace-Lorraine,Toulouse,France
10372,QUEEN,5,04-01-1995,01-02-1995,09-01-1995,5,890.78,"Alameda dos Canàrios, 891",São Paulo,Brazil
10373,HUNGO,4,05-01-1995,02-02-1995,11-01-1995,6,124.12,8 Johnstown Road,Cork,Ireland
10374,WOLZA,1,05-01-1995,02-02-1995,09-01-1995,4,3.94,ul. Filtrowa 68,Warszawa,Poland
10375,HUNGC,3,06-01-1995,03-02-1995,09-01-1995,3,20.12,"City Center Plaza
516 Main St.",Elgin,USA
10376,MEREP,1,09-01-1995,06-02-1995,13-01-1995,4,20.39,43 rue St. Laurent,Montréal,Canada
10377,SEVES,1,09-01-1995,06-02-1995,13-01-1995,4,22.21,90 Wadhurst Rd.,London,UK
10378,FOLKO,5,10-01-1995,07-02-1995,19-01-1995,9,5.44,Åkergatan 24,Bräcke,Sweden
10379,QUEDE,2,11-01-1995,08-02-1995,13-01-1995,2,45.03,"Rua da Panificadora, 12",Rio de Janeiro,Brazil
10380,HUNGO,8,12-01-1995,09-02-1995,16-02-1995,35,35.03,8 Johnstown Road,Cork,Ireland
10381,LILAS,3,12-01-1995,09-02-1995,13-01-1995,1,7.99,Carrera 52 con Ave. Bolívar #65-98 Llano Largo,Barquisimeto,Venezuela
10382,ERNSH,4,13-01-1995,10-02-1995,16-01-1995,3,94.77,Kirchgasse 6,Graz,Austria
10383,AROUT,8,16-01-1995,13-02-1995,18-01-1995,2,34.24,"Brook Farm
Stratford St. Mary",Colchester,UK
10384,BERGS,3,16-01-1995,13-02-1995,20-01-1995,4,168.64,Berguvsvägen  8,Luleå,Sweden
10385,SPLIR,1,17-01-1995,14-02-1995,23-01-1995,6,30.96,P.O. Box 555,Lander,USA
10386,FAMIA,9,18-01-1995,01-02-1995,25-01-1995,7,13.99,"Rua Orós, 92",São Paulo,Brazil
10387,SANTG,1,18-01-1995,15-02-1995,20-01-1995,2,93.63,Erling Skakkes gate 78,Stavern,Norway
10388,SEVES,2,19-01-1995,16-02-1995,20-01-1995,1,34.86,90 Wadhurst Rd.,London,UK
10389,BOTTM,4,20-01-1995,17-02-1995,24-01-1995,4,47.42,23 Tsawassen Blvd.,Tsawassen,Canada
10390,ERNSH,6,23-01-1995,20-02-1995,26-01-1995,3,126.38,Kirchgasse 6,Graz,Austria
10391,DRACD,3,23-01-1995,20-02-1995,31-01-1995,8,5.45,Walserweg 21,Aachen,Germany
10392,PICCO,2,24-01-1995,21-02-1995,01-02-1995,8,122.46,Geislweg 14,Salzburg,Austria
10393,SAVEA,1,25-01-1995,22-02-1995,03-02-1995,9,126.56,187 Suffolk Ln.,Boise,USA
10394,HUNGC,1,25-01-1995,22-02-1995,03-02-1995,9,30.34,"City Center Plaza
516 Main St.",Elgin,USA
10395,HILAA,6,26-01-1995,23-02-1995,03-02-1995,8,184.41,Carrera 22 con Ave. Carlos Soublette #8-35,San Cristóbal,Venezuela
10396,FRANK,1,27-01-1995,10-02-1995,06-02-1995,10,135.35,Berliner Platz 43,München,Germany
10397,PRINI,5,27-01-1995,24-02-1995,02-02-1995,6,60.26,Estrada da saúde n. 58,Lisboa,Portugal
10398,SAVEA,2,30-01-1995,27-02-1995,09-02-1995,10,89.16,187 Suffolk Ln.,Boise,USA
10399,VAFFE,8,31-01-1995,14-02-1995,08-02-1995,8,27.36,Smagsløget 45,Århus,Denmark
10400,EASTC,1,01-02-1995,01-03-1995,16-02-1995,15,83.93,35 King George,London,UK
10401,RATTC,1,01-02-1995,01-03-1995,10-02-1995,9,12.51,2817 Milton Dr.,Albuquerque,USA
10402,ERNSH,8,02-02-1995,16-03-1995,10-02-1995,8,67.88,Kirchgasse 6,Graz,Austria
10403,ERNSH,4,03-02-1995,03-03-1995,09-02-1995,6,73.79,Kirchgasse 6,Graz,Austria
10404,MAGAA,2,03-02-1995,03-03-1995,08-02-1995,5,155.97,Via Ludovico il Moro 22,Bergamo,Italy
10405,LINOD,1,06-02-1995,06-03-1995,22-02-1995,16,34.82,Ave. 5 de Mayo Porlamar,I. de Margarita,Venezuela
10406,QUEEN,7,07-02-1995,21-03-1995,13-02-1995,6,108.04,"Alameda dos Canàrios, 891",São Paulo,Brazil
10407,OTTIK,2,07-02-1995,07-03-1995,02-03-1995,23,91.48,Mehrheimerstr. 369,Köln,Germany
10408,FOLIG,8,08-02-1995,08-03-1995,14-02-1995,6,11.26,"184, chaussée de Tournai",Lille,France
10409,OCEAN,3,09-02-1995,09-03-1995,14-02-1995,5,29.83,"Ing. Gustavo Moncada 8585
Piso 20-A",Buenos Aires,Argentina
10410,BOTTM,3,10-02-1995,10-03-1995,15-02-1995,5,2.4,23 Tsawassen Blvd.,Tsawassen,Canada
10411,BOTTM,9,10-02-1995,10-03-1995,21-02-1995,11,23.65,23 Tsawassen Blvd.,Tsawassen,Canada
10412,WARTH,8,13-02-1995,13-03-1995,15-02-1995,2,3.77,Torikatu 38,Oulu,Finland
10413,LAMAI,3,14-02-1995,14-03-1995,16-02-1995,2,95.66,1 rue Alsace-Lorraine,Toulouse,France
10414,FAMIA,2,14-02-1995,14-03-1995,17-02-1995,3,21.48,"Rua Orós, 92",São Paulo,Brazil
10415,HUNGC,3,15-02-1995,15-03-1995,24-02-1995,9,0.2,"City Center Plaza
516 Main St.",Elgin,USA
10416,WARTH,8,16-02-1995,16-03-1995,27-02-1995,11,22.72,Torikatu 38,Oulu,Finland
10417,SIMOB,4,16-02-1995,16-03-1995,28-02-1995,12,70.29,Vinbæltet 34,København,Denmark
10418,QUICK,4,17-02-1995,17-03-1995,24-02-1995,7,17.55,Taucherstraße 10,Cunewalde,Germany
10419,RICSU,4,20-02-1995,20-03-1995,02-03-1995,10,137.35,Starenweg 5,Genève,Switzerland
10420,WELLI,3,21-02-1995,21-03-1995,27-02-1995,6,44.12,"Rua do Mercado, 12",Resende,Brazil
10421,QUEDE,8,21-02-1995,04-04-1995,27-02-1995,6,99.23,"Rua da Panificadora, 12",Rio de Janeiro,Brazil
10422,FRANS,2,22-02-1995,22-03-1995,03-03-1995,9,3.02,Via Monte Bianco 34,Torino,Italy
10423,GOURL,6,23-02-1995,09-03-1995,27-03-1995,32,24.5,"Av. Brasil, 442",Campinas,Brazil
10424,MEREP,7,23-02-1995,23-03-1995,27-02-1995,4,370.61,43 rue St. Laurent,Montréal,Canada
10425,LAMAI,6,24-02-1995,24-03-1995,17-03-1995,21,7.93,1 rue Alsace-Lorraine,Toulouse,France
10426,GALED,4,27-02-1995,27-03-1995,09-03-1995,10,18.69,"Rambla de Cataluña, 23",Barcelona,Spain
10427,PICCO,4,27-02-1995,27-03-1995,03-04-1995,35,31.29,Geislweg 14,Salzburg,Austria
10428,REGGC,7,28-02-1995,28-03-1995,07-03-1995,7,11.09,Strada Provinciale 124,Reggio Emilia,Italy
10429,HUNGO,3,01-03-1995,12-04-1995,10-03-1995,9,56.63,8 Johnstown Road,Cork,Ireland
10430,ERNSH,4,02-03-1995,16-03-1995,06-03-1995,4,458.78,Kirchgasse 6,Graz,Austria
10431,BOTTM,4,02-03-1995,16-03-1995,10-03-1995,8,44.17,23 Tsawassen Blvd.,Tsawassen,Canada
10432,SPLIR,3,03-03-1995,17-03-1995,10-03-1995,7,4.34,P.O. Box 555,Lander,USA
10433,PRINI,3,06-03-1995,03-04-1995,04-04-1995,29,73.83,Estrada da saúde n. 58,Lisboa,Portugal
10434,FOLKO,3,06-03-1995,03-04-1995,16-03-1995,10,17.92,Åkergatan 24,Bräcke,Sweden
10435,CONSH,8,07-03-1995,18-04-1995,10-03-1995,3,9.21,"Berkeley Gardens
12  Brewery ",London,UK
10436,BLONP,3,08-03-1995,05-04-1995,14-03-1995,6,156.66,"24, place Kléber",Strasbourg,France
10437,WARTH,8,08-03-1995,05-04-1995,15-03-1995,7,19.97,Torikatu 38,Oulu,Finland
10438,TOMSP,3,09-03-1995,06-04-1995,17-03-1995,8,8.24,Luisenstr. 48,Münster,Germany
10439,MEREP,6,10-03-1995,07-04-1995,13-03-1995,3,4.07,43 rue St. Laurent,Montréal,Canada
10440,SAVEA,4,13-03-1995,10-04-1995,31-03-1995,18,86.53,187 Suffolk Ln.,Boise,USA
10441,OLDWO,3,13-03-1995,24-04-1995,14-04-1995,32,73.02,2743 Bering St.,Anchorage,USA
10442,ERNSH,3,14-03-1995,11-04-1995,21-03-1995,7,47.94,Kirchgasse 6,Graz,Austria
10443,REGGC,8,15-03-1995,12-04-1995,17-03-1995,2,13.95,Strada Provinciale 124,Reggio Emilia,Italy
10444,BERGS,3,15-03-1995,12-04-1995,24-03-1995,9,3.5,Berguvsvägen  8,Luleå,Sweden
10445,BERGS,3,16-03-1995,13-04-1995,23-03-1995,7,9.3,Berguvsvägen  8,Luleå,Sweden
10446,TOMSP,6,17-03-1995,14-04-1995,22-03-1995,5,14.68,Luisenstr. 48,Münster,Germany
10447,RICAR,4,17-03-1995,14-04-1995,07-04-1995,21,68.66,"Av. Copacabana, 267",Rio de Janeiro,Brazil
10448,RANCH,4,20-03-1995,17-04-1995,27-03-1995,7,38.82,Av. del Libertador 900,Buenos Aires,Argentina
10449,BLONP,3,21-03-1995,18-04-1995,30-03-1995,9,53.3,"24, place Kléber",Strasbourg,France
10450,VICTE,8,22-03-1995,19-04-1995,11-04-1995,20,7.23,"2, rue du Commerce",Lyon,France
10451,QUICK,4,22-03-1995,05-04-1995,12-04-1995,21,189.09,Taucherstraße 10,Cunewalde,Germany
10452,SAVEA,8,23-03-1995,20-04-1995,29-03-1995,6,140.26,187 Suffolk Ln.,Boise,USA
10453,AROUT,1,24-03-1995,21-04-1995,29-03-1995,5,25.36,"Brook Farm
Stratford St. Mary",Colchester,UK
10454,LAMAI,4,24-03-1995,21-04-1995,28-03-1995,4,2.74,1 rue Alsace-Lorraine,Toulouse,France
10455,WARTH,8,27-03-1995,08-05-1995,03-04-1995,7,180.45,Torikatu 38,Oulu,Finland
10456,KOENE,8,28-03-1995,09-05-1995,31-03-1995,3,8.12,Maubelstr. 90,Brandenburg,Germany
10457,KOENE,2,28-03-1995,25-04-1995,03-04-1995,6,11.57,Maubelstr. 90,Brandenburg,Germany
10458,SUPRD,7,29-03-1995,26-04-1995,04-04-1995,6,147.06,"Boulevard Tirou, 255",Charleroi,Belgium
10459,VICTE,4,30-03-1995,27-04-1995,31-03-1995,1,25.09,"2, rue du Commerce",Lyon,France
10460,FOLKO,8,31-03-1995,28-04-1995,03-04-1995,3,16.27,Åkergatan 24,Bräcke,Sweden
10461,LILAS,1,31-03-1995,28-04-1995,05-04-1995,5,148.61,Carrera 52 con Ave. Bolívar #65-98 Llano Largo,Barquisimeto,Venezuela
10462,CONSH,2,03-04-1995,01-05-1995,18-04-1995,15,6.17,"Berkeley Gardens
12  Brewery ",London,UK
10463,SUPRD,5,04-04-1995,02-05-1995,06-04-1995,2,14.78,"Boulevard Tirou, 255",Charleroi,Belgium
10464,FURIB,4,04-04-1995,02-05-1995,14-04-1995,10,89,Jardim das rosas n. 32,Lisboa,Portugal
10465,VAFFE,1,05-04-1995,03-05-1995,14-04-1995,9,145.04,Smagsløget 45,Århus,Denmark
10466,COMMI,4,06-04-1995,04-05-1995,13-04-1995,7,11.93,"Av. dos Lusíadas, 23",São Paulo,Brazil
10467,MAGAA,8,06-04-1995,04-05-1995,11-04-1995,5,4.93,Via Ludovico il Moro 22,Bergamo,Italy
10468,KOENE,3,07-04-1995,05-05-1995,12-04-1995,5,44.12,Maubelstr. 90,Brandenburg,Germany
10469,WHITC,1,10-04-1995,08-05-1995,14-04-1995,4,60.18,1029 - 12th Ave. S.,Seattle,USA
10470,BONAP,4,11-04-1995,09-05-1995,14-04-1995,3,64.56,"12, rue des Bouchers",Marseille,France
10471,BSBEV,2,11-04-1995,09-05-1995,18-04-1995,7,45.59,Fauntleroy Circus,London,UK
10472,SEVES,8,12-04-1995,10-05-1995,19-04-1995,7,4.2,90 Wadhurst Rd.,London,UK
10473,ISLAT,1,13-04-1995,27-04-1995,21-04-1995,8,16.37,"Garden House
Crowther Way",Cowes,UK
10474,PERIC,5,13-04-1995,11-05-1995,21-04-1995,8,83.49,Calle Dr. Jorge Cash 321,México D.F.,Mexico
10475,SUPRD,9,14-04-1995,12-05-1995,05-05-1995,21,68.52,"Boulevard Tirou, 255",Charleroi,Belgium
10476,HILAA,8,17-04-1995,15-05-1995,24-04-1995,7,4.41,Carrera 22 con Ave. Carlos Soublette #8-35,San Cristóbal,Venezuela
10477,PRINI,5,17-04-1995,15-05-1995,25-04-1995,8,13.02,Estrada da saúde n. 58,Lisboa,Portugal
10478,VICTE,2,18-04-1995,02-05-1995,26-04-1995,8,4.81,"2, rue du Commerce",Lyon,France
10479,RATTC,3,19-04-1995,17-05-1995,21-04-1995,2,708.95,2817 Milton Dr.,Albuquerque,USA
10480,FOLIG,6,20-04-1995,18-05-1995,24-04-1995,4,1.35,"184, chaussée de Tournai",Lille,France
10481,RICAR,8,20-04-1995,18-05-1995,25-04-1995,5,64.33,"Av. Copacabana, 267",Rio de Janeiro,Brazil
10482,LAZYK,1,21-04-1995,19-05-1995,11-05-1995,20,7.48,12 Orchestra Terrace,Walla Walla,USA
10483,WHITC,7,24-04-1995,22-05-1995,26-05-1995,32,15.28,1029 - 12th Ave. S.,Seattle,USA
10484,BSBEV,3,24-04-1995,22-05-1995,02-05-1995,8,6.88,Fauntleroy Circus,London,UK
10485,LINOD,4,25-04-1995,09-05-1995,01-05-1995,6,64.45,Ave. 5 de Mayo Porlamar,I. de Margarita,Venezuela
10486,HILAA,1,26-04-1995,24-05-1995,03-05-1995,7,30.53,Carrera 22 con Ave. Carlos Soublette #8-35,San Cristóbal,Venezuela
10487,QUEEN,2,26-04-1995,24-05-1995,28-04-1995,2,71.07,"Alameda dos Canàrios, 891",São Paulo,Brazil
10488,FRANK,8,27-04-1995,25-05-1995,03-05-1995,6,4.93,Berliner Platz 43,München,Germany
10489,PICCO,6,28-04-1995,26-05-1995,10-05-1995,12,5.29,Geislweg 14,Salzburg,Austria
10490,HILAA,7,01-05-1995,29-05-1995,04-05-1995,3,210.19,Carrera 22 con Ave. Carlos Soublette #8-35,San Cristóbal,Venezuela
10491,FURIB,8,01-05-1995,29-05-1995,09-05-1995,8,16.96,Jardim das rosas n. 32,Lisboa,Portugal
10492,BOTTM,3,02-05-1995,30-05-1995,12-05-1995,10,62.89,23 Tsawassen Blvd.,Tsawassen,Canada
10493,LAMAI,4,03-05-1995,31-05-1995,11-05-1995,8,10.64,1 rue Alsace-Lorraine,Toulouse,France
10494,COMMI,4,03-05-1995,31-05-1995,10-05-1995,7,65.99,"Av. dos Lusíadas, 23",São Paulo,Brazil
10495,LAUGB,3,04-05-1995,01-06-1995,12-05-1995,8,4.65,2319 Elm St.,Vancouver,Canada
10496,TRADH,7,05-05-1995,02-06-1995,08-05-1995,3,46.77,"Av. Inês de Castro, 414",São Paulo,Brazil
10497,LEHMS,7,05-05-1995,02-06-1995,08-05-1995,3,36.21,Magazinweg 7,Frankfurt a.M. ,Germany
10498,HILAA,8,08-05-1995,05-06-1995,12-05-1995,4,29.75,Carrera 22 con Ave. Carlos Soublette #8-35,San Cristóbal,Venezuela
10499,LILAS,4,09-05-1995,06-06-1995,17-05-1995,8,102.02,Carrera 52 con Ave. Bolívar #65-98 Llano Largo,Barquisimeto,Venezuela
10500,LAMAI,6,10-05-1995,07-06-1995,18-05-1995,8,42.68,1 rue Alsace-Lorraine,Toulouse,France
10501,BLAUS,9,10-05-1995,07-06-1995,17-05-1995,7,8.85,Forsterstr. 57,Mannheim,Germany
10502,PERIC,2,11-05-1995,08-06-1995,30-05-1995,19,69.32,Calle Dr. Jorge Cash 321,México D.F.,Mexico
10503,HUNGO,6,12-05-1995,09-06-1995,17-05-1995,5,16.74,8 Johnstown Road,Cork,Ireland
10504,WHITC,4,12-05-1995,09-06-1995,19-05-1995,7,59.13,1029 - 12th Ave. S.,Seattle,USA
10505,MEREP,3,15-05-1995,12-06-1995,22-05-1995,7,7.13,43 rue St. Laurent,Montréal,Canada
10506,KOENE,9,16-05-1995,13-06-1995,02-06-1995,17,21.19,Maubelstr. 90,Brandenburg,Germany
10507,ANTON,7,16-05-1995,13-06-1995,23-05-1995,7,47.45,Mataderos  2312,México D.F.,Mexico
10508,OTTIK,1,17-05-1995,14-06-1995,13-06-1995,27,4.99,Mehrheimerstr. 369,Köln,Germany
10509,BLAUS,4,18-05-1995,15-06-1995,30-05-1995,12,0.15,Forsterstr. 57,Mannheim,Germany
10510,SAVEA,6,19-05-1995,16-06-1995,29-05-1995,10,367.63,187 Suffolk Ln.,Boise,USA
10511,BONAP,4,19-05-1995,16-06-1995,22-05-1995,3,350.64,"12, rue des Bouchers",Marseille,France
10512,FAMIA,7,22-05-1995,19-06-1995,25-05-1995,3,3.53,"Rua Orós, 92",São Paulo,Brazil
10513,WANDK,7,23-05-1995,04-07-1995,29-05-1995,6,105.65,Adenauerallee 900,Stuttgart,Germany
10514,ERNSH,3,23-05-1995,20-06-1995,16-06-1995,24,789.95,Kirchgasse 6,Graz,Austria
10515,QUICK,2,24-05-1995,07-06-1995,23-06-1995,30,204.47,Taucherstraße 10,Cunewalde,Germany
10516,HUNGO,2,25-05-1995,22-06-1995,01-06-1995,7,62.78,8 Johnstown Road,Cork,Ireland
10517,NORTS,3,25-05-1995,22-06-1995,30-05-1995,5,32.07,"South House
300 Queensbridge",London,UK
10518,TORTU,4,26-05-1995,09-06-1995,05-06-1995,10,218.15,Avda. Azteca 123,México D.F.,Mexico
10519,CHOPS,6,29-05-1995,26-06-1995,01-06-1995,3,91.76,Hauptstr. 31,Bern,Switzerland
10520,SANTG,7,30-05-1995,27-06-1995,01-06-1995,2,13.37,Erling Skakkes gate 78,Stavern,Norway
10521,CACTU,8,30-05-1995,27-06-1995,02-06-1995,3,17.22,Cerrito 333,Buenos Aires,Argentina
10522,LEHMS,4,31-05-1995,28-06-1995,06-06-1995,6,45.33,Magazinweg 7,Frankfurt a.M. ,Germany
10523,SEVES,7,01-06-1995,29-06-1995,30-06-1995,29,77.63,90 Wadhurst Rd.,London,UK
10524,BERGS,1,01-06-1995,29-06-1995,07-06-1995,6,244.79,Berguvsvägen  8,Luleå,Sweden
10525,BONAP,1,02-06-1995,30-06-1995,23-06-1995,21,11.06,"12, rue des Bouchers",Marseille,France
10526,WARTH,4,05-06-1995,03-07-1995,15-06-1995,10,58.59,Torikatu 38,Oulu,Finland
10527,QUICK,7,05-06-1995,03-07-1995,07-06-1995,2,41.9,Taucherstraße 10,Cunewalde,Germany
10528,GREAL,6,06-06-1995,20-06-1995,09-06-1995,3,3.35,2732 Baker Blvd.,Eugene,USA
10529,MAISD,5,07-06-1995,05-07-1995,09-06-1995,2,66.69,Rue Joseph-Bens 532,Bruxelles,Belgium
10530,PICCO,3,08-06-1995,06-07-1995,12-06-1995,4,339.22,Geislweg 14,Salzburg,Austria
10531,OCEAN,7,08-06-1995,06-07-1995,19-06-1995,11,8.12,"Ing. Gustavo Moncada 8585
Piso 20-A",Buenos Aires,Argentina
10532,EASTC,7,09-06-1995,07-07-1995,12-06-1995,3,74.46,35 King George,London,UK
10533,FOLKO,8,12-06-1995,10-07-1995,22-06-1995,10,188.04,Åkergatan 24,Bräcke,Sweden
10534,LEHMS,8,12-06-1995,10-07-1995,14-06-1995,2,27.94,Magazinweg 7,Frankfurt a.M. ,Germany
10535,ANTON,4,13-06-1995,11-07-1995,21-06-1995,8,15.64,Mataderos  2312,México D.F.,Mexico
10536,LEHMS,3,14-06-1995,12-07-1995,07-07-1995,23,58.88,Magazinweg 7,Frankfurt a.M. ,Germany
10537,RICSU,1,14-06-1995,28-06-1995,19-06-1995,5,78.85,Starenweg 5,Genève,Switzerland
10538,BSBEV,9,15-06-1995,13-07-1995,16-06-1995,1,4.87,Fauntleroy Circus,London,UK
10539,BSBEV,6,16-06-1995,14-07-1995,23-06-1995,7,12.36,Fauntleroy Circus,London,UK
10540,QUICK,3,19-06-1995,17-07-1995,14-07-1995,25,1007.64,Taucherstraße 10,Cunewalde,Germany
10541,HANAR,2,19-06-1995,17-07-1995,29-06-1995,10,68.65,"Rua do Paço, 67",Rio de Janeiro,Brazil
10542,KOENE,1,20-06-1995,18-07-1995,26-06-1995,6,10.95,Maubelstr. 90,Brandenburg,Germany
10543,LILAS,8,21-06-1995,19-07-1995,23-06-1995,2,48.17,Carrera 52 con Ave. Bolívar #65-98 Llano Largo,Barquisimeto,Venezuela
10544,LONEP,4,21-06-1995,19-07-1995,30-06-1995,9,24.91,89 Chiaroscuro Rd.,Portland,USA
10545,LAZYK,8,22-06-1995,20-07-1995,27-07-1995,35,11.92,12 Orchestra Terrace,Walla Walla,USA
10546,VICTE,1,23-06-1995,21-07-1995,27-06-1995,4,194.72,"2, rue du Commerce",Lyon,France
10547,SEVES,3,23-06-1995,21-07-1995,03-07-1995,10,178.43,90 Wadhurst Rd.,London,UK
10548,TOMSP,3,26-06-1995,24-07-1995,03-07-1995,7,1.43,Luisenstr. 48,Münster,Germany
10549,QUICK,5,27-06-1995,11-07-1995,30-06-1995,3,171.24,Taucherstraße 10,Cunewalde,Germany
10550,GODOS,7,28-06-1995,26-07-1995,07-07-1995,9,4.32,"C/ Romero, 33",Sevilla,Spain
10551,FURIB,4,28-06-1995,09-08-1995,07-07-1995,9,72.95,Jardim das rosas n. 32,Lisboa,Portugal
10552,HILAA,2,29-06-1995,27-07-1995,06-07-1995,7,83.22,Carrera 22 con Ave. Carlos Soublette #8-35,San Cristóbal,Venezuela
10553,WARTH,2,30-06-1995,28-07-1995,04-07-1995,4,149.49,Torikatu 38,Oulu,Finland
10554,OTTIK,4,30-06-1995,28-07-1995,06-07-1995,6,120.97,Mehrheimerstr. 369,Köln,Germany
10555,SAVEA,6,03-07-1995,31-07-1995,05-07-1995,2,252.49,187 Suffolk Ln.,Boise,USA
10556,SIMOB,2,04-07-1995,15-08-1995,14-07-1995,10,9.8,Vinbæltet 34,København,Denmark
10557,LEHMS,9,04-07-1995,18-07-1995,07-07-1995,3,96.72,Magazinweg 7,Frankfurt a.M. ,Germany
10558,AROUT,1,05-07-1995,02-08-1995,11-07-1995,6,72.97,"Brook Farm
Stratford St. Mary",Colchester,UK
10559,BLONP,6,06-07-1995,03-08-1995,14-07-1995,8,8.05,"24, place Kléber",Strasbourg,France
10560,FRANK,8,07-07-1995,04-08-1995,10-07-1995,3,36.65,Berliner Platz 43,München,Germany
10561,FOLKO,2,07-07-1995,04-08-1995,10-07-1995,3,242.21,Åkergatan 24,Bräcke,Sweden
10562,REGGC,1,10-07-1995,07-08-1995,13-07-1995,3,22.95,Strada Provinciale 124,Reggio Emilia,Italy
10563,RICAR,2,11-07-1995,22-08-1995,25-07-1995,14,60.43,"Av. Copacabana, 267",Rio de Janeiro,Brazil
10564,RATTC,4,11-07-1995,08-08-1995,17-07-1995,6,13.75,2817 Milton Dr.,Albuquerque,USA
10565,MEREP,8,12-07-1995,09-08-1995,19-07-1995,7,7.15,43 rue St. Laurent,Montréal,Canada
10566,BLONP,9,13-07-1995,10-08-1995,19-07-1995,6,88.4,"24, place Kléber",Strasbourg,France
10567,HUNGO,1,13-07-1995,10-08-1995,18-07-1995,5,33.97,8 Johnstown Road,Cork,Ireland
10568,GALED,3,14-07-1995,11-08-1995,09-08-1995,26,6.54,"Rambla de Cataluña, 23",Barcelona,Spain
10569,RATTC,5,17-07-1995,14-08-1995,11-08-1995,25,58.98,2817 Milton Dr.,Albuquerque,USA
10570,MEREP,3,18-07-1995,15-08-1995,20-07-1995,2,188.99,43 rue St. Laurent,Montréal,Canada
10571,ERNSH,8,18-07-1995,29-08-1995,04-08-1995,17,26.06,Kirchgasse 6,Graz,Austria
10572,BERGS,3,19-07-1995,16-08-1995,26-07-1995,7,116.43,Berguvsvägen  8,Luleå,Sweden
10573,ANTON,7,20-07-1995,17-08-1995,21-07-1995,1,84.84,Mataderos  2312,México D.F.,Mexico
10574,TRAIH,4,20-07-1995,17-08-1995,31-07-1995,11,37.6,722 DaVinci Blvd.,Kirkland,USA
10575,MORGK,5,21-07-1995,04-08-1995,31-07-1995,10,127.34,Heerstr. 22,Leipzig,Germany
10576,TORTU,3,24-07-1995,07-08-1995,31-07-1995,7,18.56,Avda. Azteca 123,México D.F.,Mexico
10577,TRAIH,9,24-07-1995,04-09-1995,31-07-1995,7,25.41,722 DaVinci Blvd.,Kirkland,USA
10578,BSBEV,4,25-07-1995,22-08-1995,25-08-1995,31,29.6,Fauntleroy Circus,London,UK
10579,LETSS,1,26-07-1995,23-08-1995,04-08-1995,9,13.73,"87 Polk St.
Suite 5",San Francisco,USA
10580,OTTIK,4,27-07-1995,24-08-1995,01-08-1995,5,75.89,Mehrheimerstr. 369,Köln,Germany
10581,FAMIA,3,27-07-1995,24-08-1995,02-08-1995,6,3.01,"Rua Orós, 92",São Paulo,Brazil
10582,BLAUS,3,28-07-1995,25-08-1995,14-08-1995,17,27.71,Forsterstr. 57,Mannheim,Germany
10583,WARTH,2,31-07-1995,28-08-1995,04-08-1995,4,7.28,Torikatu 38,Oulu,Finland
10584,BLONP,4,31-07-1995,28-08-1995,04-08-1995,4,59.14,"24, place Kléber",Strasbourg,France
10585,WELLI,7,01-08-1995,29-08-1995,10-08-1995,9,13.41,"Rua do Mercado, 12",Resende,Brazil
10586,REGGC,9,02-08-1995,30-08-1995,09-08-1995,7,0.48,Strada Provinciale 124,Reggio Emilia,Italy
10587,QUEDE,1,02-08-1995,30-08-1995,09-08-1995,7,62.52,"Rua da Panificadora, 12",Rio de Janeiro,Brazil
10588,QUICK,2,03-08-1995,31-08-1995,10-08-1995,7,194.67,Taucherstraße 10,Cunewalde,Germany
10589,GREAL,8,04-08-1995,01-09-1995,14-08-1995,10,4.42,2732 Baker Blvd.,Eugene,USA
10590,MEREP,4,07-08-1995,04-09-1995,14-08-1995,7,44.77,43 rue St. Laurent,Montréal,Canada
10591,VAFFE,1,07-08-1995,21-08-1995,16-08-1995,9,55.92,Smagsløget 45,Århus,Denmark
10592,LEHMS,3,08-08-1995,05-09-1995,16-08-1995,8,32.1,Magazinweg 7,Frankfurt a.M. ,Germany
10593,LEHMS,7,09-08-1995,06-09-1995,13-09-1995,35,174.2,Magazinweg 7,Frankfurt a.M. ,Germany
10594,OLDWO,3,09-08-1995,06-09-1995,16-08-1995,7,5.24,2743 Bering St.,Anchorage,USA
10595,ERNSH,2,10-08-1995,07-09-1995,14-08-1995,4,96.78,Kirchgasse 6,Graz,Austria
10596,WHITC,8,11-08-1995,08-09-1995,12-09-1995,32,16.34,1029 - 12th Ave. S.,Seattle,USA
10597,PICCO,7,11-08-1995,08-09-1995,18-08-1995,7,35.12,Geislweg 14,Salzburg,Austria
10598,RATTC,1,14-08-1995,11-09-1995,18-08-1995,4,44.42,2817 Milton Dr.,Albuquerque,USA
10599,BSBEV,6,15-08-1995,26-09-1995,21-08-1995,6,29.98,Fauntleroy Circus,London,UK
10600,HUNGC,4,16-08-1995,13-09-1995,21-08-1995,5,45.13,"City Center Plaza
516 Main St.",Elgin,USA
10601,HILAA,7,16-08-1995,27-09-1995,22-08-1995,6,58.3,Carrera 22 con Ave. Carlos Soublette #8-35,San Cristóbal,Venezuela
10602,VAFFE,8,17-08-1995,14-09-1995,22-08-1995,5,2.92,Smagsløget 45,Århus,Denmark
10603,SAVEA,8,18-08-1995,15-09-1995,08-09-1995,21,48.77,187 Suffolk Ln.,Boise,USA
10604,FURIB,1,18-08-1995,15-09-1995,29-08-1995,11,7.46,Jardim das rosas n. 32,Lisboa,Portugal
10605,MEREP,1,21-08-1995,18-09-1995,29-08-1995,8,379.13,43 rue St. Laurent,Montréal,Canada
10606,TRADH,4,22-08-1995,19-09-1995,31-08-1995,9,79.4,"Av. Inês de Castro, 414",São Paulo,Brazil
10607,SAVEA,5,22-08-1995,19-09-1995,25-08-1995,3,200.24,187 Suffolk Ln.,Boise,USA
10608,TOMSP,4,23-08-1995,20-09-1995,01-09-1995,9,27.79,Luisenstr. 48,Münster,Germany
10609,DUMON,7,24-08-1995,21-09-1995,30-08-1995,6,1.85,"67, rue des Cinquante Otages",Nantes,France
10610,LAMAI,8,25-08-1995,22-09-1995,06-09-1995,12,26.78,1 rue Alsace-Lorraine,Toulouse,France
10611,WOLZA,6,25-08-1995,22-09-1995,01-09-1995,7,80.65,ul. Filtrowa 68,Warszawa,Poland
10612,SAVEA,1,28-08-1995,25-09-1995,01-09-1995,4,544.08,187 Suffolk Ln.,Boise,USA
10613,HILAA,4,29-08-1995,26-09-1995,01-09-1995,3,8.11,Carrera 22 con Ave. Carlos Soublette #8-35,San Cristóbal,Venezuela
10614,BLAUS,8,29-08-1995,26-09-1995,01-09-1995,3,1.93,Forsterstr. 57,Mannheim,Germany
10615,WILMK,2,30-08-1995,27-09-1995,06-09-1995,7,0.75,Keskuskatu 45,Helsinki,Finland
10616,GREAL,1,31-08-1995,28-09-1995,05-09-1995,5,116.53,2732 Baker Blvd.,Eugene,USA
10617,GREAL,4,31-08-1995,28-09-1995,04-09-1995,4,18.53,2732 Baker Blvd.,Eugene,USA
10618,MEREP,1,01-09-1995,13-10-1995,08-09-1995,7,154.68,43 rue St. Laurent,Montréal,Canada
10619,MEREP,3,04-09-1995,02-10-1995,07-09-1995,3,91.05,43 rue St. Laurent,Montréal,Canada
10620,LAUGB,2,05-09-1995,03-10-1995,14-09-1995,9,0.94,2319 Elm St.,Vancouver,Canada
10621,ISLAT,4,05-09-1995,03-10-1995,11-09-1995,6,23.73,"Garden House
Crowther Way",Cowes,UK
10622,RICAR,4,06-09-1995,04-10-1995,11-09-1995,5,50.97,"Av. Copacabana, 267",Rio de Janeiro,Brazil
10623,FRANK,8,07-09-1995,05-10-1995,12-09-1995,5,97.18,Berliner Platz 43,München,Germany
10624,THECR,4,07-09-1995,05-10-1995,19-09-1995,12,94.8,55 Grizzly Peak Rd.,Butte,USA
10625,ANATR,3,08-09-1995,06-10-1995,14-09-1995,6,43.9,Avda. de la Constitución 2222,México D.F.,Mexico
10626,BERGS,1,11-09-1995,09-10-1995,20-09-1995,9,138.69,Berguvsvägen  8,Luleå,Sweden
10627,SAVEA,8,11-09-1995,23-10-1995,21-09-1995,10,107.46,187 Suffolk Ln.,Boise,USA
10628,BLONP,4,12-09-1995,10-10-1995,20-09-1995,8,30.36,"24, place Kléber",Strasbourg,France
10629,GODOS,4,12-09-1995,10-10-1995,20-09-1995,8,85.46,"C/ Romero, 33",Sevilla,Spain
10630,KOENE,1,13-09-1995,11-10-1995,19-09-1995,6,32.35,Maubelstr. 90,Brandenburg,Germany
10631,LAMAI,8,14-09-1995,12-10-1995,15-09-1995,1,0.87,1 rue Alsace-Lorraine,Toulouse,France
10632,WANDK,8,14-09-1995,12-10-1995,19-09-1995,5,41.38,Adenauerallee 900,Stuttgart,Germany
10633,ERNSH,7,15-09-1995,13-10-1995,18-09-1995,3,477.9,Kirchgasse 6,Graz,Austria
10634,FOLIG,4,15-09-1995,13-10-1995,21-09-1995,6,487.38,"184, chaussée de Tournai",Lille,France
10635,MAGAA,8,18-09-1995,16-10-1995,21-09-1995,3,47.46,Via Ludovico il Moro 22,Bergamo,Italy
10636,WARTH,4,19-09-1995,17-10-1995,26-09-1995,7,1.15,Torikatu 38,Oulu,Finland
10637,QUEEN,6,19-09-1995,17-10-1995,26-09-1995,7,201.29,"Alameda dos Canàrios, 891",São Paulo,Brazil
10638,LINOD,3,20-09-1995,18-10-1995,02-10-1995,12,158.44,Ave. 5 de Mayo Porlamar,I. de Margarita,Venezuela
10639,SANTG,7,20-09-1995,18-10-1995,27-09-1995,7,38.64,Erling Skakkes gate 78,Stavern,Norway
10640,WANDK,4,21-09-1995,19-10-1995,28-09-1995,7,23.55,Adenauerallee 900,Stuttgart,Germany
10641,HILAA,4,22-09-1995,20-10-1995,26-09-1995,4,179.61,Carrera 22 con Ave. Carlos Soublette #8-35,San Cristóbal,Venezuela
10642,SIMOB,7,22-09-1995,20-10-1995,06-10-1995,14,41.89,Vinbæltet 34,København,Denmark
10643,ALFKI,6,25-09-1995,23-10-1995,03-10-1995,8,29.46,Obere Str. 57,Berlin,Germany
10644,WELLI,3,25-09-1995,23-10-1995,02-10-1995,7,0.14,"Rua do Mercado, 12",Resende,Brazil
10645,HANAR,4,26-09-1995,24-10-1995,03-10-1995,7,12.41,"Rua do Paço, 67",Rio de Janeiro,Brazil
10646,HUNGO,9,27-09-1995,08-11-1995,04-10-1995,7,142.33,8 Johnstown Road,Cork,Ireland
10647,QUEDE,4,27-09-1995,11-10-1995,04-10-1995,7,45.54,"Rua da Panificadora, 12",Rio de Janeiro,Brazil
10648,RICAR,5,28-09-1995,09-11-1995,10-10-1995,12,14.25,"Av. Copacabana, 267",Rio de Janeiro,Brazil
10649,MAISD,5,28-09-1995,26-10-1995,29-09-1995,1,6.2,Rue Joseph-Bens 532,Bruxelles,Belgium
10650,FAMIA,5,29-09-1995,27-10-1995,04-10-1995,5,176.81,"Rua Orós, 92",São Paulo,Brazil
10651,WANDK,8,02-10-1995,30-10-1995,12-10-1995,10,20.6,Adenauerallee 900,Stuttgart,Germany
10652,GOURL,4,02-10-1995,30-10-1995,09-10-1995,7,7.14,"Av. Brasil, 442",Campinas,Brazil
10653,FRANK,1,03-10-1995,31-10-1995,20-10-1995,17,93.25,Berliner Platz 43,München,Germany
10654,BERGS,5,03-10-1995,31-10-1995,12-10-1995,9,55.26,Berguvsvägen  8,Luleå,Sweden
10655,REGGC,1,04-10-1995,01-11-1995,12-10-1995,8,4.41,Strada Provinciale 124,Reggio Emilia,Italy
10656,GREAL,6,05-10-1995,02-11-1995,11-10-1995,6,57.15,2732 Baker Blvd.,Eugene,USA
10657,SAVEA,2,05-10-1995,02-11-1995,16-10-1995,11,352.69,187 Suffolk Ln.,Boise,USA
10658,QUICK,4,06-10-1995,03-11-1995,09-10-1995,3,364.15,Taucherstraße 10,Cunewalde,Germany
10659,QUEEN,7,06-10-1995,03-11-1995,11-10-1995,5,105.81,"Alameda dos Canàrios, 891",São Paulo,Brazil
10660,HUNGC,8,09-10-1995,06-11-1995,15-11-1995,37,111.29,"City Center Plaza
516 Main St.",Elgin,USA
10661,HUNGO,7,10-10-1995,07-11-1995,16-10-1995,6,17.55,8 Johnstown Road,Cork,Ireland
10662,LONEP,3,10-10-1995,07-11-1995,19-10-1995,9,1.28,89 Chiaroscuro Rd.,Portland,USA
10663,BONAP,2,11-10-1995,25-10-1995,03-11-1995,23,113.15,"12, rue des Bouchers",Marseille,France
10664,FURIB,1,11-10-1995,08-11-1995,20-10-1995,9,1.27,Jardim das rosas n. 32,Lisboa,Portugal
10665,LONEP,1,12-10-1995,09-11-1995,18-10-1995,6,26.31,89 Chiaroscuro Rd.,Portland,USA
10666,RICSU,7,13-10-1995,10-11-1995,23-10-1995,10,232.42,Starenweg 5,Genève,Switzerland
10667,ERNSH,7,13-10-1995,10-11-1995,20-10-1995,7,78.09,Kirchgasse 6,Graz,Austria
10668,WANDK,1,16-10-1995,13-11-1995,24-10-1995,8,47.22,Adenauerallee 900,Stuttgart,Germany
10669,SIMOB,2,16-10-1995,13-11-1995,23-10-1995,7,24.39,Vinbæltet 34,København,Denmark
10670,FRANK,4,17-10-1995,14-11-1995,19-10-1995,2,203.48,Berliner Platz 43,München,Germany
10671,FRANR,1,18-10-1995,15-11-1995,25-10-1995,7,30.34,"54, rue Royale",Nantes,France
10672,BERGS,9,18-10-1995,01-11-1995,27-10-1995,9,95.75,Berguvsvägen  8,Luleå,Sweden
10673,WILMK,2,19-10-1995,16-11-1995,20-10-1995,1,22.76,Keskuskatu 45,Helsinki,Finland
10674,ISLAT,4,19-10-1995,16-11-1995,31-10-1995,12,0.9,"Garden House
Crowther Way",Cowes,UK
10675,FRANK,5,20-10-1995,17-11-1995,24-10-1995,4,31.85,Berliner Platz 43,München,Germany
10676,TORTU,2,23-10-1995,20-11-1995,30-10-1995,7,2.01,Avda. Azteca 123,México D.F.,Mexico
10677,ANTON,1,23-10-1995,20-11-1995,27-10-1995,4,4.03,Mataderos  2312,México D.F.,Mexico
10678,SAVEA,7,24-10-1995,21-11-1995,16-11-1995,23,388.98,187 Suffolk Ln.,Boise,USA
10679,BLONP,8,24-10-1995,21-11-1995,31-10-1995,7,27.94,"24, place Kléber",Strasbourg,France
10680,OLDWO,1,25-10-1995,22-11-1995,27-10-1995,2,26.61,2743 Bering St.,Anchorage,USA
10681,GREAL,3,26-10-1995,23-11-1995,31-10-1995,5,76.13,2732 Baker Blvd.,Eugene,USA
10682,ANTON,3,26-10-1995,23-11-1995,01-11-1995,6,36.13,Mataderos  2312,México D.F.,Mexico
10683,DUMON,2,27-10-1995,24-11-1995,01-11-1995,5,4.4,"67, rue des Cinquante Otages",Nantes,France
10684,OTTIK,3,27-10-1995,24-11-1995,31-10-1995,4,145.63,Mehrheimerstr. 369,Köln,Germany
10685,GOURL,4,30-10-1995,13-11-1995,03-11-1995,4,33.75,"Av. Brasil, 442",Campinas,Brazil
10686,PICCO,2,31-10-1995,28-11-1995,08-11-1995,8,96.5,Geislweg 14,Salzburg,Austria
10687,HUNGO,9,31-10-1995,28-11-1995,30-11-1995,30,296.43,8 Johnstown Road,Cork,Ireland
10688,VAFFE,4,01-11-1995,15-11-1995,07-11-1995,6,299.09,Smagsløget 45,Århus,Denmark
10689,BERGS,1,01-11-1995,29-11-1995,07-11-1995,6,13.42,Berguvsvägen  8,Luleå,Sweden
10690,HANAR,1,02-11-1995,30-11-1995,03-11-1995,1,15.8,"Rua do Paço, 67",Rio de Janeiro,Brazil
10691,QUICK,2,03-11-1995,15-12-1995,22-11-1995,19,810.05,Taucherstraße 10,Cunewalde,Germany
10692,ALFKI,4,03-11-1995,01-12-1995,13-11-1995,10,61.02,Obere Str. 57,Berlin,Germany
10693,WHITC,3,06-11-1995,20-11-1995,10-11-1995,4,139.34,1029 - 12th Ave. S.,Seattle,USA
10694,QUICK,8,06-11-1995,04-12-1995,09-11-1995,3,398.36,Taucherstraße 10,Cunewalde,Germany
10695,WILMK,7,07-11-1995,19-12-1995,14-11-1995,7,16.72,Keskuskatu 45,Helsinki,Finland
10696,WHITC,8,08-11-1995,20-12-1995,14-11-1995,6,102.55,1029 - 12th Ave. S.,Seattle,USA
10697,LINOD,3,08-11-1995,06-12-1995,14-11-1995,6,45.52,Ave. 5 de Mayo Porlamar,I. de Margarita,Venezuela
10698,ERNSH,4,09-11-1995,07-12-1995,17-11-1995,8,272.47,Kirchgasse 6,Graz,Austria
10699,MORGK,3,09-11-1995,07-12-1995,13-11-1995,4,0.58,Heerstr. 22,Leipzig,Germany
10700,SAVEA,3,10-11-1995,08-12-1995,16-11-1995,6,65.1,187 Suffolk Ln.,Boise,USA
10701,HUNGO,6,13-11-1995,27-11-1995,15-11-1995,2,220.31,8 Johnstown Road,Cork,Ireland
10702,ALFKI,4,13-11-1995,25-12-1995,21-11-1995,8,23.94,Obere Str. 57,Berlin,Germany
10703,FOLKO,6,14-11-1995,12-12-1995,20-11-1995,6,152.3,Åkergatan 24,Bräcke,Sweden
10704,QUEEN,6,14-11-1995,12-12-1995,08-12-1995,24,4.78,"Alameda dos Canàrios, 891",São Paulo,Brazil
10705,HILAA,9,15-11-1995,13-12-1995,19-12-1995,34,3.52,Carrera 22 con Ave. Carlos Soublette #8-35,San Cristóbal,Venezuela
10706,OLDWO,8,16-11-1995,14-12-1995,21-11-1995,5,135.63,2743 Bering St.,Anchorage,USA
10707,AROUT,4,16-11-1995,30-11-1995,23-11-1995,7,21.74,"Brook Farm
Stratford St. Mary",Colchester,UK
10708,THEBI,6,17-11-1995,29-12-1995,06-12-1995,19,2.96,"89 Jefferson Way
Suite 2",Portland,USA
10709,GOURL,1,17-11-1995,15-12-1995,21-12-1995,34,210.8,"Av. Brasil, 442",Campinas,Brazil
10710,FRANS,1,20-11-1995,18-12-1995,23-11-1995,3,4.98,Via Monte Bianco 34,Torino,Italy
10711,SAVEA,5,21-11-1995,02-01-1996,29-11-1995,8,52.41,187 Suffolk Ln.,Boise,USA
10712,HUNGO,3,21-11-1995,19-12-1995,01-12-1995,10,89.93,8 Johnstown Road,Cork,Ireland
10713,SAVEA,1,22-11-1995,20-12-1995,24-11-1995,2,167.05,187 Suffolk Ln.,Boise,USA
10714,SAVEA,5,22-11-1995,20-12-1995,27-11-1995,5,24.49,187 Suffolk Ln.,Boise,USA
10715,BONAP,3,23-11-1995,07-12-1995,29-11-1995,6,63.2,"12, rue des Bouchers",Marseille,France
10716,RANCH,4,24-11-1995,22-12-1995,27-11-1995,3,22.57,Av. del Libertador 900,Buenos Aires,Argentina
10717,FRANK,1,24-11-1995,22-12-1995,29-11-1995,5,59.25,Berliner Platz 43,München,Germany
10718,KOENE,1,27-11-1995,25-12-1995,29-11-1995,2,170.88,Maubelstr. 90,Brandenburg,Germany
10719,LETSS,8,27-11-1995,25-12-1995,06-12-1995,9,51.44,"87 Polk St.
Suite 5",San Francisco,USA
10720,QUEDE,8,28-11-1995,12-12-1995,06-12-1995,8,9.53,"Rua da Panificadora, 12",Rio de Janeiro,Brazil
10721,QUICK,5,29-11-1995,27-12-1995,01-12-1995,2,48.92,Taucherstraße 10,Cunewalde,Germany
10722,SAVEA,8,29-11-1995,10-01-1996,05-12-1995,6,74.58,187 Suffolk Ln.,Boise,USA
10723,WHITC,3,30-11-1995,28-12-1995,26-12-1995,26,21.72,1029 - 12th Ave. S.,Seattle,USA
10724,MEREP,8,30-11-1995,11-01-1996,06-12-1995,6,57.75,43 rue St. Laurent,Montréal,Canada
10725,FAMIA,4,01-12-1995,29-12-1995,06-12-1995,5,10.83,"Rua Orós, 92",São Paulo,Brazil
10726,EASTC,4,04-12-1995,18-12-1995,05-01-1996,32,16.56,35 King George,London,UK
10727,REGGC,2,04-12-1995,01-01-1996,05-01-1996,32,89.9,Strada Provinciale 124,Reggio Emilia,Italy
10728,QUEEN,4,05-12-1995,02-01-1996,12-12-1995,7,58.33,"Alameda dos Canàrios, 891",São Paulo,Brazil
10729,LINOD,8,05-12-1995,16-01-1996,15-12-1995,10,141.06,Ave. 5 de Mayo Porlamar,I. de Margarita,Venezuela
10730,BONAP,5,06-12-1995,03-01-1996,15-12-1995,9,20.12,"12, rue des Bouchers",Marseille,France
10731,CHOPS,7,07-12-1995,04-01-1996,15-12-1995,8,96.65,Hauptstr. 31,Bern,Switzerland
10732,BONAP,3,07-12-1995,04-01-1996,08-12-1995,1,16.97,"12, rue des Bouchers",Marseille,France
10733,BERGS,1,08-12-1995,05-01-1996,11-12-1995,3,110.11,Berguvsvägen  8,Luleå,Sweden
10734,GOURL,2,08-12-1995,05-01-1996,13-12-1995,5,1.63,"Av. Brasil, 442",Campinas,Brazil
10735,LETSS,6,11-12-1995,08-01-1996,22-12-1995,11,45.97,"87 Polk St.
Suite 5",San Francisco,USA
10736,HUNGO,9,12-12-1995,09-01-1996,22-12-1995,10,44.1,8 Johnstown Road,Cork,Ireland
10737,VINET,2,12-12-1995,09-01-1996,19-12-1995,7,7.79,59 rue de l'Abbaye,Reims,France
10738,SPECD,2,13-12-1995,10-01-1996,19-12-1995,6,2.91,"25, rue Lauriston",Paris,France
10739,VINET,3,13-12-1995,10-01-1996,18-12-1995,5,11.08,59 rue de l'Abbaye,Reims,France
10740,WHITC,4,14-12-1995,11-01-1996,26-12-1995,12,81.88,1029 - 12th Ave. S.,Seattle,USA
10741,AROUT,4,15-12-1995,29-12-1995,19-12-1995,4,10.96,"Brook Farm
Stratford St. Mary",Colchester,UK
10742,BOTTM,3,15-12-1995,12-01-1996,19-12-1995,4,243.73,23 Tsawassen Blvd.,Tsawassen,Canada
10743,AROUT,1,18-12-1995,15-01-1996,22-12-1995,4,23.72,"Brook Farm
Stratford St. Mary",Colchester,UK
10744,VAFFE,6,18-12-1995,15-01-1996,25-12-1995,7,69.19,Smagsløget 45,Århus,Denmark
10745,QUICK,9,19-12-1995,16-01-1996,28-12-1995,9,3.52,Taucherstraße 10,Cunewalde,Germany
10746,CHOPS,1,20-12-1995,17-01-1996,22-12-1995,2,31.43,Hauptstr. 31,Bern,Switzerland
10747,PICCO,6,20-12-1995,17-01-1996,27-12-1995,7,117.33,Geislweg 14,Salzburg,Austria
10748,SAVEA,3,21-12-1995,18-01-1996,29-12-1995,8,232.55,187 Suffolk Ln.,Boise,USA
10749,ISLAT,4,21-12-1995,18-01-1996,19-01-1996,29,61.53,"Garden House
Crowther Way",Cowes,UK
10750,WARTH,9,22-12-1995,19-01-1996,25-12-1995,3,79.3,Torikatu 38,Oulu,Finland
10751,RICSU,3,25-12-1995,22-01-1996,03-01-1996,9,130.79,Starenweg 5,Genève,Switzerland
10752,NORTS,2,25-12-1995,22-01-1996,29-12-1995,4,1.39,"South House
300 Queensbridge",London,UK
10753,FRANS,3,26-12-1995,23-01-1996,28-12-1995,2,7.7,Via Monte Bianco 34,Torino,Italy
10754,MAGAA,6,26-12-1995,23-01-1996,28-12-1995,2,2.38,Via Ludovico il Moro 22,Bergamo,Italy
10755,BONAP,4,27-12-1995,24-01-1996,29-12-1995,2,16.71,"12, rue des Bouchers",Marseille,France
10756,SPLIR,8,28-12-1995,25-01-1996,02-01-1996,5,73.21,P.O. Box 555,Lander,USA
10757,SAVEA,6,28-12-1995,25-01-1996,15-01-1996,18,8.19,187 Suffolk Ln.,Boise,USA
10758,RICSU,3,29-12-1995,26-01-1996,04-01-1996,6,138.17,Starenweg 5,Genève,Switzerland
10759,ANATR,3,29-12-1995,26-01-1996,12-01-1996,14,11.99,Avda. de la Constitución 2222,México D.F.,Mexico
10760,MAISD,4,01-01-1996,29-01-1996,10-01-1996,9,155.64,Rue Joseph-Bens 532,Bruxelles,Belgium
10761,RATTC,5,02-01-1996,30-01-1996,08-01-1996,6,18.66,2817 Milton Dr.,Albuquerque,USA
10762,FOLKO,3,02-01-1996,30-01-1996,09-01-1996,7,328.74,Åkergatan 24,Bräcke,Sweden
10763,FOLIG,3,03-01-1996,31-01-1996,08-01-1996,5,37.35,"184, chaussée de Tournai",Lille,France
10764,ERNSH,6,03-01-1996,31-01-1996,08-01-1996,5,145.45,Kirchgasse 6,Graz,Austria
10765,QUICK,3,04-01-1996,01-02-1996,09-01-1996,5,42.74,Taucherstraße 10,Cunewalde,Germany
10766,OTTIK,4,05-01-1996,02-02-1996,09-01-1996,4,157.55,Mehrheimerstr. 369,Köln,Germany
10767,SUPRD,4,05-01-1996,02-02-1996,15-01-1996,10,1.59,"Boulevard Tirou, 255",Charleroi,Belgium
10768,AROUT,3,08-01-1996,05-02-1996,15-01-1996,7,146.32,"Brook Farm
Stratford St. Mary",Colchester,UK
10769,VAFFE,3,08-01-1996,05-02-1996,12-01-1996,4,65.06,Smagsløget 45,Århus,Denmark
10770,HANAR,8,09-01-1996,06-02-1996,17-01-1996,8,5.32,"Rua do Paço, 67",Rio de Janeiro,Brazil
10771,ERNSH,9,10-01-1996,07-02-1996,02-02-1996,23,11.19,Kirchgasse 6,Graz,Austria
10772,LEHMS,3,10-01-1996,07-02-1996,19-01-1996,9,91.28,Magazinweg 7,Frankfurt a.M. ,Germany
10773,ERNSH,1,11-01-1996,08-02-1996,16-01-1996,5,96.43,Kirchgasse 6,Graz,Austria
10774,FOLKO,4,11-01-1996,25-01-1996,12-01-1996,1,48.2,Åkergatan 24,Bräcke,Sweden
10775,THECR,7,12-01-1996,09-02-1996,26-01-1996,14,20.25,55 Grizzly Peak Rd.,Butte,USA
10776,ERNSH,1,15-01-1996,12-02-1996,18-01-1996,3,351.53,Kirchgasse 6,Graz,Austria
10777,GOURL,7,15-01-1996,29-01-1996,21-02-1996,37,3.01,"Av. Brasil, 442",Campinas,Brazil
10778,BERGS,3,16-01-1996,13-02-1996,24-01-1996,8,6.79,Berguvsvägen  8,Luleå,Sweden
10779,MORGK,3,16-01-1996,13-02-1996,14-02-1996,29,58.13,Heerstr. 22,Leipzig,Germany
10780,LILAS,2,16-01-1996,30-01-1996,25-01-1996,9,42.13,Carrera 52 con Ave. Bolívar #65-98 Llano Largo,Barquisimeto,Venezuela
10781,WARTH,2,17-01-1996,14-02-1996,19-01-1996,2,73.16,Torikatu 38,Oulu,Finland
10782,CACTU,9,17-01-1996,14-02-1996,22-01-1996,5,1.1,Cerrito 333,Buenos Aires,Argentina
10783,HANAR,4,18-01-1996,15-02-1996,19-01-1996,1,124.98,"Rua do Paço, 67",Rio de Janeiro,Brazil
10784,MAGAA,4,18-01-1996,15-02-1996,22-01-1996,4,70.09,Via Ludovico il Moro 22,Bergamo,Italy
10785,GROSR,1,18-01-1996,15-02-1996,24-01-1996,6,1.51,5ª Ave. Los Palos Grandes,Caracas,Venezuela
10786,QUEEN,8,19-01-1996,16-02-1996,23-01-1996,4,110.87,"Alameda dos Canàrios, 891",São Paulo,Brazil
10787,LAMAI,2,19-01-1996,02-02-1996,26-01-1996,7,249.93,1 rue Alsace-Lorraine,Toulouse,France
10788,QUICK,1,22-01-1996,19-02-1996,19-02-1996,28,42.7,Taucherstraße 10,Cunewalde,Germany
10789,FOLIG,1,22-01-1996,19-02-1996,31-01-1996,9,100.6,"184, chaussée de Tournai",Lille,France
10790,GOURL,6,22-01-1996,19-02-1996,26-01-1996,4,28.23,"Av. Brasil, 442",Campinas,Brazil
10791,FRANK,6,23-01-1996,20-02-1996,01-02-1996,9,16.85,Berliner Platz 43,München,Germany
10792,WOLZA,1,23-01-1996,20-02-1996,31-01-1996,8,23.79,ul. Filtrowa 68,Warszawa,Poland
10793,AROUT,3,24-01-1996,21-02-1996,08-02-1996,15,4.52,"Brook Farm
Stratford St. Mary",Colchester,UK
10794,QUEDE,6,24-01-1996,21-02-1996,02-02-1996,9,21.49,"Rua da Panificadora, 12",Rio de Janeiro,Brazil
10795,ERNSH,8,24-01-1996,21-02-1996,20-02-1996,27,126.66,Kirchgasse 6,Graz,Austria
10796,HILAA,3,25-01-1996,22-02-1996,14-02-1996,20,26.52,Carrera 22 con Ave. Carlos Soublette #8-35,San Cristóbal,Venezuela
10797,DRACD,7,25-01-1996,22-02-1996,05-02-1996,11,33.35,Walserweg 21,Aachen,Germany
10798,ISLAT,2,26-01-1996,23-02-1996,05-02-1996,10,2.33,"Garden House
Crowther Way",Cowes,UK
10799,KOENE,9,26-01-1996,08-03-1996,05-02-1996,10,30.76,Maubelstr. 90,Brandenburg,Germany
10800,SEVES,1,26-01-1996,23-02-1996,05-02-1996,10,137.44,90 Wadhurst Rd.,London,UK
10801,BOLID,4,29-01-1996,26-02-1996,31-01-1996,2,97.09,"C/ Araquil, 67",Madrid,Spain
10802,SIMOB,4,29-01-1996,26-02-1996,02-02-1996,4,257.26,Vinbæltet 34,København,Denmark
10803,WELLI,4,30-01-1996,27-02-1996,06-02-1996,7,55.23,"Rua do Mercado, 12",Resende,Brazil
10804,SEVES,6,30-01-1996,27-02-1996,07-02-1996,8,27.33,90 Wadhurst Rd.,London,UK
10805,THEBI,2,30-01-1996,27-02-1996,09-02-1996,10,237.34,"89 Jefferson Way
Suite 2",Portland,USA
10806,VICTE,3,31-01-1996,28-02-1996,05-02-1996,5,22.11,"2, rue du Commerce",Lyon,France
10807,FRANS,4,31-01-1996,28-02-1996,01-03-1996,30,1.36,Via Monte Bianco 34,Torino,Italy
10808,OLDWO,2,01-02-1996,29-02-1996,09-02-1996,8,45.53,2743 Bering St.,Anchorage,USA
10809,WELLI,7,01-02-1996,29-02-1996,07-02-1996,6,4.87,"Rua do Mercado, 12",Resende,Brazil
10810,LAUGB,2,01-02-1996,29-02-1996,07-02-1996,6,4.33,2319 Elm St.,Vancouver,Canada
10811,LINOD,8,02-02-1996,01-03-1996,08-02-1996,6,31.22,Ave. 5 de Mayo Porlamar,I. de Margarita,Venezuela
10812,REGGC,5,02-02-1996,01-03-1996,12-02-1996,10,59.78,Strada Provinciale 124,Reggio Emilia,Italy
10813,RICAR,1,05-02-1996,04-03-1996,09-02-1996,4,47.38,"Av. Copacabana, 267",Rio de Janeiro,Brazil
10814,VICTE,3,05-02-1996,04-03-1996,14-02-1996,9,130.94,"2, rue du Commerce",Lyon,France
10815,SAVEA,2,05-02-1996,04-03-1996,14-02-1996,9,14.62,187 Suffolk Ln.,Boise,USA
10816,GREAL,4,06-02-1996,05-03-1996,06-03-1996,29,719.78,2732 Baker Blvd.,Eugene,USA
10817,KOENE,3,06-02-1996,20-02-1996,13-02-1996,7,306.07,Maubelstr. 90,Brandenburg,Germany
10818,MAGAA,7,07-02-1996,06-03-1996,12-02-1996,5,65.48,Via Ludovico il Moro 22,Bergamo,Italy
10819,CACTU,2,07-02-1996,06-03-1996,16-02-1996,9,19.76,Cerrito 333,Buenos Aires,Argentina
10820,RATTC,3,07-02-1996,06-03-1996,13-02-1996,6,37.52,2817 Milton Dr.,Albuquerque,USA
10821,SPLIR,1,08-02-1996,07-03-1996,15-02-1996,7,36.68,P.O. Box 555,Lander,USA
10822,TRAIH,6,08-02-1996,07-03-1996,16-02-1996,8,7,722 DaVinci Blvd.,Kirkland,USA
10823,LILAS,5,09-02-1996,08-03-1996,13-02-1996,4,163.97,Carrera 52 con Ave. Bolívar #65-98 Llano Largo,Barquisimeto,Venezuela
10824,FOLKO,8,09-02-1996,08-03-1996,01-03-1996,21,1.23,Åkergatan 24,Bräcke,Sweden
10825,DRACD,1,09-02-1996,08-03-1996,14-02-1996,5,79.25,Walserweg 21,Aachen,Germany
10826,BLONP,6,12-02-1996,11-03-1996,08-03-1996,25,7.09,"24, place Kléber",Strasbourg,France
10827,BONAP,1,12-02-1996,26-02-1996,08-03-1996,25,63.54,"12, rue des Bouchers",Marseille,France
10828,RANCH,9,13-02-1996,27-02-1996,06-03-1996,22,90.85,Av. del Libertador 900,Buenos Aires,Argentina
10829,ISLAT,9,13-02-1996,12-03-1996,23-02-1996,10,154.72,"Garden House
Crowther Way",Cowes,UK
10830,TRADH,4,13-02-1996,26-03-1996,21-02-1996,8,81.83,"Av. Inês de Castro, 414",São Paulo,Brazil
10831,SANTG,3,14-02-1996,13-03-1996,23-02-1996,9,72.19,Erling Skakkes gate 78,Stavern,Norway
10832,LAMAI,2,14-02-1996,13-03-1996,19-02-1996,5,43.26,1 rue Alsace-Lorraine,Toulouse,France
10833,OTTIK,6,15-02-1996,14-03-1996,23-02-1996,8,71.49,Mehrheimerstr. 369,Köln,Germany
10834,TRADH,1,15-02-1996,14-03-1996,19-02-1996,4,29.78,"Av. Inês de Castro, 414",São Paulo,Brazil
10835,ALFKI,1,15-02-1996,14-03-1996,21-02-1996,6,69.53,Obere Str. 57,Berlin,Germany
10836,ERNSH,7,16-02-1996,15-03-1996,21-02-1996,5,411.88,Kirchgasse 6,Graz,Austria
10837,BERGS,9,16-02-1996,15-03-1996,23-02-1996,7,13.32,Berguvsvägen  8,Luleå,Sweden
10838,LINOD,3,19-02-1996,18-03-1996,23-02-1996,4,59.28,Ave. 5 de Mayo Porlamar,I. de Margarita,Venezuela
10839,TRADH,3,19-02-1996,18-03-1996,22-02-1996,3,35.43,"Av. Inês de Castro, 414",São Paulo,Brazil
10840,LINOD,4,19-02-1996,01-04-1996,18-03-1996,28,2.71,Ave. 5 de Mayo Porlamar,I. de Margarita,Venezuela
10841,SUPRD,5,20-02-1996,19-03-1996,29-02-1996,9,424.3,"Boulevard Tirou, 255",Charleroi,Belgium
10842,TORTU,1,20-02-1996,19-03-1996,29-02-1996,9,54.42,Avda. Azteca 123,México D.F.,Mexico
10843,VICTE,4,21-02-1996,20-03-1996,26-02-1996,5,9.26,"2, rue du Commerce",Lyon,France
10844,PICCO,8,21-02-1996,20-03-1996,26-02-1996,5,25.22,Geislweg 14,Salzburg,Austria
10845,QUICK,8,21-02-1996,06-03-1996,01-03-1996,9,212.98,Taucherstraße 10,Cunewalde,Germany
10846,SUPRD,2,22-02-1996,04-04-1996,23-02-1996,1,56.46,"Boulevard Tirou, 255",Charleroi,Belgium
10847,SAVEA,4,22-02-1996,07-03-1996,12-03-1996,19,487.57,187 Suffolk Ln.,Boise,USA
10848,CONSH,7,23-02-1996,22-03-1996,29-02-1996,6,38.24,"Berkeley Gardens
12  Brewery ",London,UK
10849,KOENE,9,23-02-1996,22-03-1996,01-03-1996,7,0.56,Maubelstr. 90,Brandenburg,Germany
10850,VICTE,1,23-02-1996,05-04-1996,01-03-1996,7,49.19,"2, rue du Commerce",Lyon,France
10851,RICAR,5,26-02-1996,25-03-1996,04-03-1996,7,160.55,"Av. Copacabana, 267",Rio de Janeiro,Brazil
10852,RATTC,8,26-02-1996,11-03-1996,01-03-1996,4,174.05,2817 Milton Dr.,Albuquerque,USA
10853,BLAUS,9,27-02-1996,26-03-1996,05-03-1996,7,53.83,Forsterstr. 57,Mannheim,Germany
10854,ERNSH,3,27-02-1996,26-03-1996,07-03-1996,9,100.22,Kirchgasse 6,Graz,Austria
10855,OLDWO,3,27-02-1996,26-03-1996,06-03-1996,8,170.97,2743 Bering St.,Anchorage,USA
10856,ANTON,3,28-02-1996,27-03-1996,12-03-1996,13,58.43,Mataderos  2312,México D.F.,Mexico
10857,BERGS,8,28-02-1996,27-03-1996,08-03-1996,9,188.85,Berguvsvägen  8,Luleå,Sweden
10858,LACOR,2,29-02-1996,28-03-1996,05-03-1996,5,52.51,"67, avenue de l'Europe",Versailles,France
10859,FRANK,1,29-02-1996,28-03-1996,04-03-1996,4,76.1,Berliner Platz 43,München,Germany
10860,FRANR,3,29-02-1996,28-03-1996,06-03-1996,6,19.26,"54, rue Royale",Nantes,France
10861,WHITC,4,01-03-1996,29-03-1996,19-03-1996,18,14.93,1029 - 12th Ave. S.,Seattle,USA
10862,LEHMS,8,01-03-1996,12-04-1996,04-03-1996,3,53.23,Magazinweg 7,Frankfurt a.M. ,Germany
10863,HILAA,4,04-03-1996,01-04-1996,19-03-1996,15,30.26,Carrera 22 con Ave. Carlos Soublette #8-35,San Cristóbal,Venezuela
10864,AROUT,4,04-03-1996,01-04-1996,11-03-1996,7,3.04,"Brook Farm
Stratford St. Mary",Colchester,UK
10865,QUICK,2,04-03-1996,18-03-1996,14-03-1996,10,348.14,Taucherstraße 10,Cunewalde,Germany
10866,BERGS,5,05-03-1996,02-04-1996,14-03-1996,9,109.11,Berguvsvägen  8,Luleå,Sweden
10867,LONEP,6,05-03-1996,16-04-1996,13-03-1996,8,1.93,89 Chiaroscuro Rd.,Portland,USA
10868,QUEEN,7,06-03-1996,03-04-1996,25-03-1996,19,191.27,"Alameda dos Canàrios, 891",São Paulo,Brazil
10869,SEVES,5,06-03-1996,03-04-1996,11-03-1996,5,143.28,90 Wadhurst Rd.,London,UK
10870,WOLZA,5,06-03-1996,03-04-1996,15-03-1996,9,12.04,ul. Filtrowa 68,Warszawa,Poland
10871,BONAP,9,07-03-1996,04-04-1996,12-03-1996,5,112.27,"12, rue des Bouchers",Marseille,France
10872,GODOS,5,07-03-1996,04-04-1996,11-03-1996,4,175.32,"C/ Romero, 33",Sevilla,Spain
10873,WILMK,4,08-03-1996,05-04-1996,11-03-1996,3,0.82,Keskuskatu 45,Helsinki,Finland
10874,GODOS,5,08-03-1996,05-04-1996,13-03-1996,5,19.58,"C/ Romero, 33",Sevilla,Spain
10875,BERGS,4,08-03-1996,05-04-1996,02-04-1996,25,32.37,Berguvsvägen  8,Luleå,Sweden
10876,BONAP,7,11-03-1996,08-04-1996,14-03-1996,3,60.42,"12, rue des Bouchers",Marseille,France
10877,RICAR,1,11-03-1996,08-04-1996,21-03-1996,10,38.06,"Av. Copacabana, 267",Rio de Janeiro,Brazil
10878,QUICK,4,12-03-1996,09-04-1996,14-03-1996,2,46.69,Taucherstraße 10,Cunewalde,Germany
10879,WILMK,3,12-03-1996,09-04-1996,14-03-1996,2,8.5,Keskuskatu 45,Helsinki,Finland
10880,FOLKO,7,12-03-1996,23-04-1996,20-03-1996,8,88.01,Åkergatan 24,Bräcke,Sweden
10881,CACTU,4,13-03-1996,10-04-1996,20-03-1996,7,2.84,Cerrito 333,Buenos Aires,Argentina
10882,SAVEA,4,13-03-1996,10-04-1996,22-03-1996,9,23.1,187 Suffolk Ln.,Boise,USA
10883,LONEP,8,14-03-1996,11-04-1996,22-03-1996,8,0.53,89 Chiaroscuro Rd.,Portland,USA
10884,LETSS,4,14-03-1996,11-04-1996,15-03-1996,1,90.97,"87 Polk St.
Suite 5",San Francisco,USA
10885,SUPRD,6,14-03-1996,11-04-1996,20-03-1996,6,5.64,"Boulevard Tirou, 255",Charleroi,Belgium
10886,HANAR,1,15-03-1996,12-04-1996,01-04-1996,17,4.99,"Rua do Paço, 67",Rio de Janeiro,Brazil
10887,GALED,8,15-03-1996,12-04-1996,18-03-1996,3,1.25,"Rambla de Cataluña, 23",Barcelona,Spain
10888,GODOS,1,18-03-1996,15-04-1996,25-03-1996,7,51.87,"C/ Romero, 33",Sevilla,Spain
10889,RATTC,9,18-03-1996,15-04-1996,25-03-1996,7,280.61,2817 Milton Dr.,Albuquerque,USA
10890,DUMON,7,18-03-1996,15-04-1996,20-03-1996,2,32.76,"67, rue des Cinquante Otages",Nantes,France
10891,LEHMS,7,19-03-1996,16-04-1996,21-03-1996,2,20.37,Magazinweg 7,Frankfurt a.M. ,Germany
10892,MAISD,4,19-03-1996,16-04-1996,21-03-1996,2,120.27,Rue Joseph-Bens 532,Bruxelles,Belgium
10893,KOENE,9,20-03-1996,17-04-1996,22-03-1996,2,77.78,Maubelstr. 90,Brandenburg,Germany
10894,SAVEA,1,20-03-1996,17-04-1996,22-03-1996,2,116.13,187 Suffolk Ln.,Boise,USA
10895,ERNSH,3,20-03-1996,17-04-1996,25-03-1996,5,162.75,Kirchgasse 6,Graz,Austria
10896,MAISD,7,21-03-1996,18-04-1996,29-03-1996,8,32.45,Rue Joseph-Bens 532,Bruxelles,Belgium
10897,HUNGO,3,21-03-1996,18-04-1996,27-03-1996,6,603.54,8 Johnstown Road,Cork,Ireland
10898,OCEAN,4,22-03-1996,19-04-1996,05-04-1996,14,1.27,"Ing. Gustavo Moncada 8585
Piso 20-A",Buenos Aires,Argentina
10899,LILAS,5,22-03-1996,19-04-1996,28-03-1996,6,1.21,Carrera 52 con Ave. Bolívar #65-98 Llano Largo,Barquisimeto,Venezuela
10900,WELLI,1,22-03-1996,19-04-1996,03-04-1996,12,1.66,"Rua do Mercado, 12",Resende,Brazil
10901,HILAA,4,25-03-1996,22-04-1996,28-03-1996,3,62.09,Carrera 22 con Ave. Carlos Soublette #8-35,San Cristóbal,Venezuela
10902,FOLKO,1,25-03-1996,22-04-1996,02-04-1996,8,44.15,Åkergatan 24,Bräcke,Sweden
10903,HANAR,3,26-03-1996,23-04-1996,03-04-1996,8,36.71,"Rua do Paço, 67",Rio de Janeiro,Brazil
10904,WHITC,3,26-03-1996,23-04-1996,29-03-1996,3,162.95,1029 - 12th Ave. S.,Seattle,USA
10905,WELLI,9,26-03-1996,23-04-1996,05-04-1996,10,13.72,"Rua do Mercado, 12",Resende,Brazil
10906,WOLZA,4,27-03-1996,10-04-1996,02-04-1996,6,26.29,ul. Filtrowa 68,Warszawa,Poland
10907,SPECD,6,27-03-1996,24-04-1996,29-03-1996,2,9.19,"25, rue Lauriston",Paris,France
10908,REGGC,4,28-03-1996,25-04-1996,05-04-1996,8,32.96,Strada Provinciale 124,Reggio Emilia,Italy
10909,SANTG,1,28-03-1996,25-04-1996,09-04-1996,12,53.05,Erling Skakkes gate 78,Stavern,Norway
10910,WILMK,1,28-03-1996,25-04-1996,03-04-1996,6,38.11,Keskuskatu 45,Helsinki,Finland
10911,GODOS,3,28-03-1996,25-04-1996,04-04-1996,7,38.19,"C/ Romero, 33",Sevilla,Spain
10912,HUNGO,2,28-03-1996,25-04-1996,17-04-1996,20,580.91,8 Johnstown Road,Cork,Ireland
10913,QUEEN,4,28-03-1996,25-04-1996,03-04-1996,6,33.05,"Alameda dos Canàrios, 891",São Paulo,Brazil
10914,QUEEN,6,29-03-1996,26-04-1996,01-04-1996,3,21.19,"Alameda dos Canàrios, 891",São Paulo,Brazil
10915,TORTU,2,29-03-1996,26-04-1996,01-04-1996,3,3.51,Avda. Azteca 123,México D.F.,Mexico
10916,RANCH,1,29-03-1996,26-04-1996,08-04-1996,10,63.77,Av. del Libertador 900,Buenos Aires,Argentina
10917,ROMEY,4,01-04-1996,29-04-1996,10-04-1996,9,8.29,"Gran Vía, 1",Madrid,Spain
10918,BOTTM,3,01-04-1996,29-04-1996,10-04-1996,9,48.83,23 Tsawassen Blvd.,Tsawassen,Canada
10919,LINOD,2,01-04-1996,29-04-1996,03-04-1996,2,19.8,Ave. 5 de Mayo Porlamar,I. de Margarita,Venezuela
10920,AROUT,4,02-04-1996,30-04-1996,08-04-1996,6,29.61,"Brook Farm
Stratford St. Mary",Colchester,UK
10921,VAFFE,1,02-04-1996,14-05-1996,08-04-1996,6,176.48,Smagsløget 45,Århus,Denmark
10922,HANAR,5,02-04-1996,30-04-1996,04-04-1996,2,62.74,"Rua do Paço, 67",Rio de Janeiro,Brazil
10923,LAMAI,7,02-04-1996,14-05-1996,12-04-1996,10,68.26,1 rue Alsace-Lorraine,Toulouse,France
10924,BERGS,3,03-04-1996,01-05-1996,08-05-1996,35,151.52,Berguvsvägen  8,Luleå,Sweden
10925,HANAR,3,03-04-1996,01-05-1996,12-04-1996,9,2.27,"Rua do Paço, 67",Rio de Janeiro,Brazil
10926,ANATR,4,03-04-1996,01-05-1996,10-04-1996,7,39.92,Avda. de la Constitución 2222,México D.F.,Mexico
10927,LACOR,4,04-04-1996,02-05-1996,08-05-1996,34,19.79,"67, avenue de l'Europe",Versailles,France
10928,GALED,1,04-04-1996,02-05-1996,17-04-1996,13,1.36,"Rambla de Cataluña, 23",Barcelona,Spain
10929,FRANK,6,04-04-1996,02-05-1996,11-04-1996,7,33.93,Berliner Platz 43,München,Germany
10930,SUPRD,4,05-04-1996,17-05-1996,17-04-1996,12,15.55,"Boulevard Tirou, 255",Charleroi,Belgium
10931,RICSU,4,05-04-1996,19-04-1996,18-04-1996,13,13.6,Starenweg 5,Genève,Switzerland
10932,BONAP,8,05-04-1996,03-05-1996,23-04-1996,18,134.64,"12, rue des Bouchers",Marseille,France
10933,ISLAT,6,05-04-1996,03-05-1996,15-04-1996,10,54.15,"Garden House
Crowther Way",Cowes,UK
10934,LEHMS,3,08-04-1996,06-05-1996,11-04-1996,3,32.01,Magazinweg 7,Frankfurt a.M. ,Germany
10935,WELLI,4,08-04-1996,06-05-1996,17-04-1996,9,47.59,"Rua do Mercado, 12",Resende,Brazil
10936,GREAL,3,08-04-1996,06-05-1996,17-04-1996,9,33.68,2732 Baker Blvd.,Eugene,USA
10937,CACTU,7,09-04-1996,23-04-1996,12-04-1996,3,31.51,Cerrito 333,Buenos Aires,Argentina
10938,QUICK,3,09-04-1996,07-05-1996,15-04-1996,6,31.89,Taucherstraße 10,Cunewalde,Germany
10939,MAGAA,2,09-04-1996,07-05-1996,12-04-1996,3,76.33,Via Ludovico il Moro 22,Bergamo,Italy
10940,BONAP,8,10-04-1996,08-05-1996,22-04-1996,12,19.77,"12, rue des Bouchers",Marseille,France
10941,SAVEA,7,10-04-1996,08-05-1996,19-04-1996,9,400.81,187 Suffolk Ln.,Boise,USA
10942,REGGC,9,10-04-1996,08-05-1996,17-04-1996,7,17.95,Strada Provinciale 124,Reggio Emilia,Italy
10943,BSBEV,4,10-04-1996,08-05-1996,18-04-1996,8,2.17,Fauntleroy Circus,London,UK
10944,BOTTM,6,11-04-1996,25-04-1996,12-04-1996,1,52.92,23 Tsawassen Blvd.,Tsawassen,Canada
10945,MORGK,4,11-04-1996,09-05-1996,17-04-1996,6,10.22,Heerstr. 22,Leipzig,Germany
10946,VAFFE,1,11-04-1996,09-05-1996,18-04-1996,7,27.2,Smagsløget 45,Århus,Denmark
10947,BSBEV,3,12-04-1996,10-05-1996,15-04-1996,3,3.26,Fauntleroy Circus,London,UK
10948,GODOS,3,12-04-1996,10-05-1996,18-04-1996,6,23.39,"C/ Romero, 33",Sevilla,Spain
10949,BOTTM,2,12-04-1996,10-05-1996,16-04-1996,4,74.44,23 Tsawassen Blvd.,Tsawassen,Canada
10950,MAGAA,1,15-04-1996,13-05-1996,22-04-1996,7,2.5,Via Ludovico il Moro 22,Bergamo,Italy
10951,RICSU,9,15-04-1996,27-05-1996,07-05-1996,22,30.85,Starenweg 5,Genève,Switzerland
10952,ALFKI,1,15-04-1996,27-05-1996,23-04-1996,8,40.42,Obere Str. 57,Berlin,Germany
10953,AROUT,9,15-04-1996,29-04-1996,24-04-1996,9,23.72,"Brook Farm
Stratford St. Mary",Colchester,UK
10954,LINOD,5,16-04-1996,28-05-1996,19-04-1996,3,27.91,Ave. 5 de Mayo Porlamar,I. de Margarita,Venezuela
10955,FOLKO,8,16-04-1996,14-05-1996,19-04-1996,3,3.26,Åkergatan 24,Bräcke,Sweden
10956,BLAUS,6,16-04-1996,28-05-1996,19-04-1996,3,44.65,Forsterstr. 57,Mannheim,Germany
10957,HILAA,8,17-04-1996,15-05-1996,26-04-1996,9,105.36,Carrera 22 con Ave. Carlos Soublette #8-35,San Cristóbal,Venezuela
10958,OCEAN,7,17-04-1996,15-05-1996,26-04-1996,9,49.56,"Ing. Gustavo Moncada 8585
Piso 20-A",Buenos Aires,Argentina
10959,GOURL,6,17-04-1996,29-05-1996,22-04-1996,5,4.98,"Av. Brasil, 442",Campinas,Brazil
10960,HILAA,3,18-04-1996,02-05-1996,08-05-1996,20,2.08,Carrera 22 con Ave. Carlos Soublette #8-35,San Cristóbal,Venezuela
10961,QUEEN,8,18-04-1996,16-05-1996,29-04-1996,11,104.47,"Alameda dos Canàrios, 891",São Paulo,Brazil
10962,QUICK,8,18-04-1996,16-05-1996,22-04-1996,4,275.79,Taucherstraße 10,Cunewalde,Germany
10963,FURIB,9,18-04-1996,16-05-1996,25-04-1996,7,2.7,Jardim das rosas n. 32,Lisboa,Portugal
10964,SPECD,3,19-04-1996,17-05-1996,23-04-1996,4,87.38,"25, rue Lauriston",Paris,France
10965,OLDWO,6,19-04-1996,17-05-1996,29-04-1996,10,144.38,2743 Bering St.,Anchorage,USA
10966,CHOPS,4,19-04-1996,17-05-1996,08-05-1996,19,27.19,Hauptstr. 31,Bern,Switzerland
10967,TOMSP,2,22-04-1996,20-05-1996,02-05-1996,10,62.22,Luisenstr. 48,Münster,Germany
10968,ERNSH,1,22-04-1996,20-05-1996,01-05-1996,9,74.6,Kirchgasse 6,Graz,Austria
10969,COMMI,1,22-04-1996,20-05-1996,29-04-1996,7,0.21,"Av. dos Lusíadas, 23",São Paulo,Brazil
10970,BOLID,9,23-04-1996,07-05-1996,24-05-1996,31,16.16,"C/ Araquil, 67",Madrid,Spain
10971,FRANR,2,23-04-1996,21-05-1996,02-05-1996,9,121.82,"54, rue Royale",Nantes,France
10972,LACOR,4,23-04-1996,21-05-1996,25-04-1996,2,0.02,"67, avenue de l'Europe",Versailles,France
10973,LACOR,6,23-04-1996,21-05-1996,26-04-1996,3,15.17,"67, avenue de l'Europe",Versailles,France
10974,SPLIR,3,24-04-1996,08-05-1996,03-05-1996,9,12.96,P.O. Box 555,Lander,USA
10975,BOTTM,1,24-04-1996,22-05-1996,26-04-1996,2,32.27,23 Tsawassen Blvd.,Tsawassen,Canada
10976,HILAA,1,24-04-1996,05-06-1996,03-05-1996,9,37.97,Carrera 22 con Ave. Carlos Soublette #8-35,San Cristóbal,Venezuela
10977,FOLKO,8,25-04-1996,23-05-1996,10-05-1996,15,208.5,Åkergatan 24,Bräcke,Sweden
10978,MAISD,9,25-04-1996,23-05-1996,23-05-1996,28,32.82,Rue Joseph-Bens 532,Bruxelles,Belgium
10979,ERNSH,8,25-04-1996,23-05-1996,30-04-1996,5,353.07,Kirchgasse 6,Graz,Austria
10980,FOLKO,4,26-04-1996,07-06-1996,17-05-1996,21,1.26,Åkergatan 24,Bräcke,Sweden
10981,HANAR,1,26-04-1996,24-05-1996,02-05-1996,6,193.37,"Rua do Paço, 67",Rio de Janeiro,Brazil
10982,BOTTM,2,26-04-1996,24-05-1996,08-05-1996,12,14.01,23 Tsawassen Blvd.,Tsawassen,Canada
10983,SAVEA,2,26-04-1996,24-05-1996,06-05-1996,10,657.54,187 Suffolk Ln.,Boise,USA
10984,SAVEA,1,29-04-1996,27-05-1996,03-05-1996,4,211.22,187 Suffolk Ln.,Boise,USA
10985,HUNGO,2,29-04-1996,27-05-1996,02-05-1996,3,91.51,8 Johnstown Road,Cork,Ireland
10986,OCEAN,8,29-04-1996,27-05-1996,21-05-1996,22,217.86,"Ing. Gustavo Moncada 8585
Piso 20-A",Buenos Aires,Argentina
10987,EASTC,8,30-04-1996,28-05-1996,06-05-1996,6,185.48,35 King George,London,UK
10988,RATTC,3,30-04-1996,28-05-1996,10-05-1996,10,61.14,2817 Milton Dr.,Albuquerque,USA
10989,QUEDE,2,30-04-1996,28-05-1996,02-05-1996,2,34.76,"Rua da Panificadora, 12",Rio de Janeiro,Brazil
10990,ERNSH,2,01-05-1996,12-06-1996,07-05-1996,6,117.61,Kirchgasse 6,Graz,Austria
10991,QUICK,1,01-05-1996,29-05-1996,07-05-1996,6,38.51,Taucherstraße 10,Cunewalde,Germany
10992,THEBI,1,01-05-1996,29-05-1996,03-05-1996,2,4.27,"89 Jefferson Way
Suite 2",Portland,USA
10993,FOLKO,7,01-05-1996,29-05-1996,10-05-1996,9,8.81,Åkergatan 24,Bräcke,Sweden
10994,VAFFE,2,02-05-1996,16-05-1996,09-05-1996,7,65.53,Smagsløget 45,Århus,Denmark
10995,PERIC,1,02-05-1996,30-05-1996,06-05-1996,4,46,Calle Dr. Jorge Cash 321,México D.F.,Mexico
10996,QUICK,4,02-05-1996,30-05-1996,10-05-1996,8,1.12,Taucherstraße 10,Cunewalde,Germany
10997,LILAS,8,03-05-1996,14-06-1996,13-05-1996,10,73.91,Carrera 52 con Ave. Bolívar #65-98 Llano Largo,Barquisimeto,Venezuela
10998,WOLZA,8,03-05-1996,17-05-1996,17-05-1996,14,20.31,ul. Filtrowa 68,Warszawa,Poland
10999,OTTIK,6,03-05-1996,31-05-1996,10-05-1996,7,96.35,Mehrheimerstr. 369,Köln,Germany
11000,RATTC,2,06-05-1996,03-06-1996,14-05-1996,8,55.12,2817 Milton Dr.,Albuquerque,USA
11001,FOLKO,2,06-05-1996,03-06-1996,14-05-1996,8,197.3,Åkergatan 24,Bräcke,Sweden
11002,SAVEA,4,06-05-1996,03-06-1996,16-05-1996,10,141.16,187 Suffolk Ln.,Boise,USA
11003,THECR,3,06-05-1996,03-06-1996,08-05-1996,2,14.91,55 Grizzly Peak Rd.,Butte,USA
11004,MAISD,3,07-05-1996,04-06-1996,20-05-1996,13,44.84,Rue Joseph-Bens 532,Bruxelles,Belgium
11005,WILMK,2,07-05-1996,04-06-1996,10-05-1996,3,0.75,Keskuskatu 45,Helsinki,Finland
11006,GREAL,3,07-05-1996,04-06-1996,15-05-1996,8,25.19,2732 Baker Blvd.,Eugene,USA
11007,PRINI,8,08-05-1996,05-06-1996,13-05-1996,5,202.24,Estrada da saúde n. 58,Lisboa,Portugal
11008,ERNSH,7,08-05-1996,05-06-1996,,-35193,79.46,Kirchgasse 6,Graz,Austria
11009,GODOS,2,08-05-1996,05-06-1996,10-05-1996,2,59.11,"C/ Romero, 33",Sevilla,Spain
11010,REGGC,2,09-05-1996,06-06-1996,21-05-1996,12,28.71,Strada Provinciale 124,Reggio Emilia,Italy
11011,ALFKI,3,09-05-1996,06-06-1996,13-05-1996,4,1.21,Obere Str. 57,Berlin,Germany
11012,FRANK,1,09-05-1996,23-05-1996,17-05-1996,8,242.95,Berliner Platz 43,München,Germany
11013,ROMEY,2,09-05-1996,06-06-1996,10-05-1996,1,32.99,"Gran Vía, 1",Madrid,Spain
11014,LINOD,2,10-05-1996,07-06-1996,15-05-1996,5,23.6,Ave. 5 de Mayo Porlamar,I. de Margarita,Venezuela
11015,SANTG,2,10-05-1996,24-05-1996,20-05-1996,10,4.62,Erling Skakkes gate 78,Stavern,Norway
11016,AROUT,9,10-05-1996,07-06-1996,13-05-1996,3,33.8,"Brook Farm
Stratford St. Mary",Colchester,UK
11017,ERNSH,9,13-05-1996,10-06-1996,20-05-1996,7,754.26,Kirchgasse 6,Graz,Austria
11018,LONEP,4,13-05-1996,10-06-1996,16-05-1996,3,11.65,89 Chiaroscuro Rd.,Portland,USA
11019,RANCH,6,13-05-1996,10-06-1996,,-35198,3.17,Av. del Libertador 900,Buenos Aires,Argentina
11020,OTTIK,2,14-05-1996,11-06-1996,16-05-1996,2,43.3,Mehrheimerstr. 369,Köln,Germany
11021,QUICK,3,14-05-1996,11-06-1996,21-05-1996,7,297.18,Taucherstraße 10,Cunewalde,Germany
11022,HANAR,9,14-05-1996,11-06-1996,03-06-1996,20,6.27,"Rua do Paço, 67",Rio de Janeiro,Brazil
11023,BSBEV,1,14-05-1996,28-05-1996,24-05-1996,10,123.83,Fauntleroy Circus,London,UK
11024,EASTC,4,15-05-1996,12-06-1996,20-05-1996,5,74.36,35 King George,London,UK
11025,WARTH,6,15-05-1996,12-06-1996,24-05-1996,9,29.17,Torikatu 38,Oulu,Finland
11026,FRANS,4,15-05-1996,12-06-1996,28-05-1996,13,47.09,Via Monte Bianco 34,Torino,Italy
11027,BOTTM,1,16-05-1996,13-06-1996,20-05-1996,4,52.52,23 Tsawassen Blvd.,Tsawassen,Canada
11028,KOENE,2,16-05-1996,13-06-1996,22-05-1996,6,29.59,Maubelstr. 90,Brandenburg,Germany
11029,CHOPS,4,16-05-1996,13-06-1996,27-05-1996,11,47.84,Hauptstr. 31,Bern,Switzerland
11030,SAVEA,7,17-05-1996,14-06-1996,27-05-1996,10,830.75,187 Suffolk Ln.,Boise,USA
11031,SAVEA,6,17-05-1996,14-06-1996,24-05-1996,7,227.22,187 Suffolk Ln.,Boise,USA
11032,WHITC,2,17-05-1996,14-06-1996,23-05-1996,6,606.19,1029 - 12th Ave. S.,Seattle,USA
11033,RICSU,7,17-05-1996,14-06-1996,23-05-1996,6,84.74,Starenweg 5,Genève,Switzerland
11034,OLDWO,8,20-05-1996,01-07-1996,27-05-1996,7,40.32,2743 Bering St.,Anchorage,USA
11035,SUPRD,2,20-05-1996,17-06-1996,24-05-1996,4,0.17,"Boulevard Tirou, 255",Charleroi,Belgium
11036,DRACD,8,20-05-1996,17-06-1996,22-05-1996,2,149.47,Walserweg 21,Aachen,Germany
11037,GODOS,7,21-05-1996,18-06-1996,27-05-1996,6,3.2,"C/ Romero, 33",Sevilla,Spain
11038,SUPRD,1,21-05-1996,18-06-1996,30-05-1996,9,29.59,"Boulevard Tirou, 255",Charleroi,Belgium
11039,LINOD,1,21-05-1996,18-06-1996,,-35206,65,Ave. 5 de Mayo Porlamar,I. de Margarita,Venezuela
11040,GREAL,4,22-05-1996,19-06-1996,,-35207,18.84,2732 Baker Blvd.,Eugene,USA
11041,CHOPS,3,22-05-1996,19-06-1996,28-05-1996,6,48.22,Hauptstr. 31,Bern,Switzerland
11042,COMMI,2,22-05-1996,05-06-1996,31-05-1996,9,29.99,"Av. dos Lusíadas, 23",São Paulo,Brazil
11043,SPECD,5,22-05-1996,19-06-1996,29-05-1996,7,8.8,"25, rue Lauriston",Paris,France
11044,WOLZA,4,23-05-1996,20-06-1996,31-05-1996,8,8.72,ul. Filtrowa 68,Warszawa,Poland
11045,BOTTM,6,23-05-1996,20-06-1996,,-35208,70.58,23 Tsawassen Blvd.,Tsawassen,Canada
11046,WANDK,8,23-05-1996,20-06-1996,24-05-1996,1,71.64,Adenauerallee 900,Stuttgart,Germany
11047,EASTC,7,24-05-1996,21-06-1996,31-05-1996,7,46.62,35 King George,London,UK
11048,BOTTM,7,24-05-1996,21-06-1996,30-05-1996,6,24.12,23 Tsawassen Blvd.,Tsawassen,Canada
11049,GOURL,3,24-05-1996,21-06-1996,03-06-1996,10,8.34,"Av. Brasil, 442",Campinas,Brazil
11050,FOLKO,8,27-05-1996,24-06-1996,04-06-1996,8,59.41,Åkergatan 24,Bräcke,Sweden
11051,LAMAI,7,27-05-1996,24-06-1996,,-35212,2.79,1 rue Alsace-Lorraine,Toulouse,France
11052,HANAR,3,27-05-1996,24-06-1996,31-05-1996,4,67.26,"Rua do Paço, 67",Rio de Janeiro,Brazil
11053,PICCO,2,27-05-1996,24-06-1996,29-05-1996,2,53.05,Geislweg 14,Salzburg,Austria
11054,CACTU,8,28-05-1996,25-06-1996,,-35213,0.33,Cerrito 333,Buenos Aires,Argentina
11055,HILAA,7,28-05-1996,25-06-1996,04-06-1996,7,120.92,Carrera 22 con Ave. Carlos Soublette #8-35,San Cristóbal,Venezuela
11056,EASTC,8,28-05-1996,11-06-1996,31-05-1996,3,278.96,35 King George,London,UK
11057,NORTS,3,29-05-1996,26-06-1996,31-05-1996,2,4.13,"South House
300 Queensbridge",London,UK
11058,BLAUS,9,29-05-1996,26-06-1996,,-35214,31.14,Forsterstr. 57,Mannheim,Germany
11059,RICAR,2,29-05-1996,10-07-1996,,-35214,85.8,"Av. Copacabana, 267",Rio de Janeiro,Brazil
11060,FRANS,2,30-05-1996,27-06-1996,03-06-1996,4,10.98,Via Monte Bianco 34,Torino,Italy
11061,GREAL,4,30-05-1996,11-07-1996,,-35215,14.01,2732 Baker Blvd.,Eugene,USA
11062,REGGC,4,30-05-1996,27-06-1996,,-35215,29.93,Strada Provinciale 124,Reggio Emilia,Italy
11063,HUNGO,3,30-05-1996,27-06-1996,05-06-1996,6,81.73,8 Johnstown Road,Cork,Ireland
11064,SAVEA,1,31-05-1996,28-06-1996,03-06-1996,3,30.09,187 Suffolk Ln.,Boise,USA
11065,LILAS,8,31-05-1996,28-06-1996,,-35216,12.91,Carrera 52 con Ave. Bolívar #65-98 Llano Largo,Barquisimeto,Venezuela
11066,WHITC,7,31-05-1996,28-06-1996,03-06-1996,3,44.72,1029 - 12th Ave. S.,Seattle,USA
11067,DRACD,1,03-06-1996,17-06-1996,05-06-1996,2,7.98,Walserweg 21,Aachen,Germany
11068,QUEEN,8,03-06-1996,01-07-1996,,-35219,81.75,"Alameda dos Canàrios, 891",São Paulo,Brazil
11069,TORTU,1,03-06-1996,01-07-1996,05-06-1996,2,15.67,Avda. Azteca 123,México D.F.,Mexico
11070,LEHMS,2,04-06-1996,02-07-1996,,-35220,136,Magazinweg 7,Frankfurt a.M. ,Germany
11071,LILAS,1,04-06-1996,02-07-1996,,-35220,0.93,Carrera 52 con Ave. Bolívar #65-98 Llano Largo,Barquisimeto,Venezuela
11072,ERNSH,4,04-06-1996,02-07-1996,,-35220,258.64,Kirchgasse 6,Graz,Austria
11073,PERIC,2,04-06-1996,02-07-1996,,-35220,24.95,Calle Dr. Jorge Cash 321,México D.F.,Mexico
11074,SIMOB,7,05-06-1996,03-07-1996,,-35221,18.44,Vinbæltet 34,København,Denmark
11075,RICSU,8,05-06-1996,03-07-1996,,-35221,6.19,Starenweg 5,Genève,Switzerland
11076,BONAP,4,05-06-1996,03-07-1996,,-35221,38.28,"12, rue des Bouchers",Marseille,France
11077,RATTC,1,05-06-1996,03-07-1996,,-35221,8.53,2817 Milton Dr.,Albuquerque,USA
